Dénomination Commune Internationale,Indication courte (Pathologie?),Lien,Motif d'évaluation,Nom commercial,Validation (date),Motif d'évaluation.1,Validation (date).1,Count of Publication (date),_id
osimertinib,Cancer bronchique non à petites cellules,https://www.has-sante.fr/jcms/c_2676714/fr/tagrisso-osimertinib-inhibiteur-de-tyrosine-kinase,Primo-inscription,TAGRISSO,7/12/2016,Primo-inscription,7/12/2016,0,b49a2343edbb94643b73ffe295a7ffe95c50cdfab1a7e3bb954e5a34fe37fcb7
inavolisib,Cancer du sein localement avancé ou métastatique RH+/HER2‑ avec mutation PIK3CA en récidive précoce,https://www.has-sante.fr/jcms/p_3826119/fr/itovebi-inavolisib-cancer-du-sein-localement-avance-ou-metastatique#analyseEco,Primo-inscription,ITOBEVI,2/10/2026,Primo-inscription,2/10/2026,0,1bef3902cc0264112ce5f7bf6594991d729c6dbc66bdad7b7c69b39ed02c8529
defibrotide,"Maladie veino-occlusive hépatique sévère dans le cadre de la transplantation
de cellules souches hématopoïétiques",https://www.has-sante.fr/jcms/c_1756835/fr/defitelio-defibrotide-antithrombotique#videotoc_1_1,Primo-inscription,DEFITELIO,2/18/2014,Primo-inscription,2/18/2014,2,38fa0f08054f8bbbbe705d4506665a85e6aa52735a84c66a5d19b15f789c95b4
dichlorure de Radium-223,Cancer de la prostate résistant à la castration,https://www.has-sante.fr/jcms/c_1753132/fr/xofigo-dichlorure-de-radium-radio-isotope#analyseEco,Primo-inscription,XOFIGO,3/11/2014,Primo-inscription,3/11/2014,2,9e3ee791e8ef778793e9d9dffbf1bbc1ac52384375dfba9090d5ab16c506f5a6
trastuzumab emtansine,Cancer du sein métastatique ou localement avancé non résécable (HER2 +),https://www.has-sante.fr/jcms/c_1735595/fr/kadcyla-trastuzumab-emtansine-anticorps-ciblant-le-recepteur-her-2-couple-a-un-cytotoxique#analyseEco,Primo-inscription,KADCYLA,3/11/2014,Primo-inscription,3/11/2014,2,1eeb4a1d00869e82452c5f5b05411106bc8c1bb4ff1076f6cb0fd4e09715b894
_,Vaccin vivant atténué du virus varicelle-zona,https://www.has-sante.fr/jcms/c_1774169/fr/zostavax-vaccin-zona-vivant-attenue#analyseEco,Primo-inscription,ZOSTAVAX,4/15/2014,Primo-inscription,4/15/2014,2,81aecc50ec81b0c76b4b5b1cbc7a83f6202269cc68db5f7d432d44a862bc823f
sofosbuvir,Hépatite C,https://www.has-sante.fr/jcms/c_1743036/fr/sovaldi-sofosbuvir-antiviral-a-action-directe#analyseEco,Primo-inscription,SOVALDI,4/15/2014,Primo-inscription,4/15/2014,2,db6b0d894716e4e88461badb94a47ed898227a2577b1a0e89585e08ca41b02b1
Dolutégravir,Infection par le VIH,https://www.has-sante.fr/jcms/c_1748396/fr/tivicay-50-mg-dolutegravir-inhibiteur-de-l-integrase#analyseEco,Primo-inscription,TIVICAY,5/27/2014,Primo-inscription,5/27/2014,2,1787c3ed52d5422b59ce9d14e72d5b0f190e44a57931bd214855c44499b682a1
panitumumab,Cancer colorectal métastatique,https://www.has-sante.fr/jcms/c_1763229/fr/vectibix-panitumumab-anticorps-monoclonal#analyseEco,Réévaluation,VECTIBIX,5/27/2014,Réévaluation,5/27/2014,2,3fdb80d7403863f9f2033f193068ddc08f1cba6ad1391f57759b20fbf0569898
diméthyl fumarate,Sclérose en plaque,https://www.has-sante.fr/jcms/c_1743058/fr/tecfidera-dimethyl-fumarate-traitement-de-fond-de-la-sclerose-en-plaques#analyseEco,Primo-inscription,TECFIDERA,6/24/2014,Primo-inscription,6/24/2014,2,f241c2d02b94df6213976c4216f036c571e12ab74565b7e489b855d2e67216fe
macitentan,Hypertension artérielle pulmonaire,https://www.has-sante.fr/jcms/c_1769783/fr/opsumit-macitentan-antagoniste-des-recepteurs-de-l-endotheline#analyseEco,Primo-inscription,OPSUMIT,6/24/2014,Primo-inscription,6/24/2014,2,0f8814e363077afb0a26826f9d70e6a5bfaedbb2477de30d33ccee8ffec1f2bd
_,Vaccin rotavirus,https://www.has-sante.fr/jcms/c_2009660/fr/rotarix-vaccin-anti-rotavirus#videotoc_1_1,Primo-inscription,ROTARIX,7/22/2014,Primo-inscription,7/22/2014,2,924396e90274b11aa9606d5535a0e6acef841ed8be98e528bc3d7d7a1c42454d
_,Vaccin rotavirus,https://www.has-sante.fr/jcms/c_2009666/fr/rotateq-vaccin-anti-rotavirus#analyseEco,Primo-inscription,ROTATEQ,9/16/2014,Primo-inscription,9/16/2014,2,4bb662f5252654aebfa1952aa75496aa7665f5d38179121e99e7f48084f81e96
riociguat,Hypertension pulmonaire,https://www.has-sante.fr/jcms/c_1761611/fr/adempas-riociguat-antihypertenseur-pour-l-hypertension-arterielle-pulmonaire#analyseEco,Primo-inscription,ADEMPAS,10/14/2014,Primo-inscription,10/14/2014,2,63c888d9361ee1e7e2dcdbb0a76fd001651d532de2ada1d950b88643aa954cdb
siméprévir,Hépatite C chronique,https://www.has-sante.fr/jcms/c_2007183/fr/olysio-simeprevir-antiviral-d-action-directe#analyseEco,Primo-inscription,OLYSIO,10/14/2014,Primo-inscription,10/14/2014,2,d2f8a95b7716c46c0ac24db53e405150f8b2db7e1304a495c255a361b9e808cb
omalizumab,Urticaire chronique spontanée,https://www.has-sante.fr/jcms/c_2031554/fr/xolair-omalizumab-anti-ige#videotoc_1_1,Extension d'indication,XOLAIR,11/25/2014,Extension d'indication,11/25/2014,2,47b8160142d18564d97b0eb38072208ab1ef6db4040b4bca6d0292ee11863bc8
toxine botulinique de type A,Hyperactivité vésicale,https://www.has-sante.fr/jcms/c_1782527/fr/botox-toxine-botulinique-a-myorelaxant#analyseEco,Extension d'indication,BOTOX,11/25/2014,Extension d'indication,11/25/2014,2,78bd2db68cbb02cee40d1288445651009fab249596c7df345830bf30772b3a5b
vedolizumab,"Rectolique hémorragique, maladie Crohn",https://www.has-sante.fr/jcms/c_2008461/fr/entyvio-vedolizumab-anti-integrine-47#analyseEco,Primo-inscription,ENTYVIO,11/25/2014,Primo-inscription,11/25/2014,2,95d794a2e381c2ece2cee229f2c7145b2d6a96d67b25d9abcbaf55379df2a7a1
daclatasvir,Hépatite C chronique,https://www.has-sante.fr/jcms/c_2009488/fr/daklinza-daclatasvir-antiviral-a-action-directe#analyseEco,Primo-inscription,DAKLINZA,2/3/2015,Primo-inscription,2/3/2015,2,982ab65f6f7556d6ddf19df9eede2eaea1a75baddbd14c4df2ff4b4d5698b70b
obinutuzumab,Leucémie lymphoïde chronique,https://www.has-sante.fr/jcms/c_2019122/fr/gazyvaro-obinutuzumab-anticorps-monoclonal-anti-cd20-recombinant-humain-de-type-ii#analyseEco,Primo-inscription,GAZYVARO,2/3/2015,Primo-inscription,2/3/2015,2,ecc41fc9f8e59f3d5a26843e701c580e280a4996257da3db29fd830ba96df019
pirfénidone,Fibrose pulmonaire idiopatique,https://www.has-sante.fr/jcms/c_2023166/fr/esbriet-pirfenidone-immunosuppresseur#analyseEco,Réévaluation,ESBRIET,2/3/2015,Réévaluation,2/3/2015,2,cf70e58c424a9cfa1bb1fc7af499184197eaa2bb798994078c46eed8086862b7
romiplostim,Purpura thrombopénique idiopathique chronique,https://www.has-sante.fr/jcms/c_2015428/fr/nplate#analyseEco,Renouvellement,NPLATE,2/3/2015,Renouvellement,2/3/2015,2,a3be6f39aa62fe768c53154046d93d98cddf75cce61143f0bad18352876b55be
DM,Dispositif médical - Insuffisance mitrale,https://www.has-sante.fr/jcms/c_2023888/fr/mitraclip#analyseEco,Primo-inscription,MITRACLIP,4/7/2015,Primo-inscription,4/7/2015,2,008a4fd63626b6c14e0cc680650605d509d61facb5fc6f00dfef3e956ae31019
ibrutinib,Leucémie lymphoïde chronique,https://www.has-sante.fr/jcms/c_2049868/fr/imbruvica-ibrutinib-inhibiteur-de-tyrosine-kinase-de-bruton-btk#analyseEco,Primo-inscription,IMBRUVICA,4/7/2015,Primo-inscription,4/7/2015,2,40b1ac9d3133da108542adff45311d130e1aad1d07449c42818e89d2c6ce8264
ibrutinib,Lymphome à cellules du manteau,https://www.has-sante.fr/jcms/c_2049868/fr/imbruvica-ibrutinib-inhibiteur-de-tyrosine-kinase-de-bruton-btk#analyseEco,Primo-inscription,IMBRUVICA,4/7/2015,Primo-inscription,4/7/2015,2,98f99eaf44608b88acc52a56e15801881067e7ad7119314df89c646595fb5c7b
idelalisib,"Leucémie Lymphoïde Chronique, lymphome folliculaire",https://www.has-sante.fr/jcms/c_2047021/fr/zydelig-idelalisib-inhibiteur-de-kinase#analyseEco,Primo-inscription,ZYDELIG,4/7/2015,Primo-inscription,4/7/2015,2,f2ed75a64d6fa8730a90dd186f7d80443c9e3002139f2d0f822b085520d28603
ledipasvir/sofosbuvir,Hépatite C chronique,https://www.has-sante.fr/jcms/c_2022100/fr/harvoni-sofosbuvir/ledipasvir-association-fixe-d-antiviraux-a-action-directe#analyseEco,Primo-inscription,HARVONI,5/26/2015,Primo-inscription,5/26/2015,2,eb9d4a9c2cbbb52407d43f6d6fda282e785d8b87be94649f8bd4d7f37e83a569
_,Vaccin grippal chez les enfants (2-18 ans),https://www.has-sante.fr/jcms/c_2035692/fr/fluenz-tetra-vaccin-tetravalent-contre-la-grippe-saisonniere-de-l-enfant#analyseEco,Primo-inscription,FLUENZ TETRA,6/9/2015,Primo-inscription,6/9/2015,2,094e9ad205c441a85f5f69640924021bd44611a9af8454b2b24a575db1c8d1a1
dasabuvir,Hépatite C chronique,https://www.has-sante.fr/jcms/c_2025737/fr/viekirax-ombitasvir/paritaprevir/ritonavir-association-fixe-d-antiviraux-a-action-directe-exviera-dasabuvir-antiviral-a-action-directe#analyseEco,Primo-inscription,EXVIERA,6/9/2015,Primo-inscription,6/9/2015,2,a53c5d5d881a5e11263169e1bf742aaf4e32740893b65785fb20db4874d660c9
enzalutamide,Cancer métastatique de la prostate résistant à la castration (peu ou pas symptomatiques),https://www.has-sante.fr/jcms/c_2022075/fr/xtandi-enzalutamide-inhibiteur-de-la-voie-de-signalisation-des-recepteurs-aux-androgenes#analyseEco,Extension d'indication,XTANDI,6/9/2015,Extension d'indication,6/9/2015,2,ca804acfc46d54643a16bcf8c54d4d78c606504ee66af96fc4cf7ea123072122
ombitasvir/paritaprévir/ritonavir,Hépatite C chronique,https://www.has-sante.fr/jcms/c_2025737/fr/viekirax-ombitasvir/paritaprevir/ritonavir-association-fixe-d-antiviraux-a-action-directe-exviera-dasabuvir-antiviral-a-action-directe#analyseEco,Primo-inscription,VIEKIRAX,6/9/2015,Primo-inscription,6/9/2015,2,4bc482de048fe8c92612b3342e145ca33a75e411d4a2db8bff6159be76e0ef09
eribuline,Cancer du sein localement avancé ou métastatique (HER2-),https://www.has-sante.fr/jcms/c_2559139/fr/halaven#analyseEco,Extension d'indication,HALAVEN,7/21/2015,Extension d'indication,7/21/2015,2,84ff1878a08da719e24b7324acfd2cbd94cd33da67c0656bec5f98b506baea8c
alemtuzumab,Sclérose en plaque,https://www.has-sante.fr/jcms/c_2590010/fr/lemtrada-alemtuzumab-immunosuppresseur-selectif#analyseEco,Primo-inscription,LEMTRADA,9/15/2015,Primo-inscription,9/15/2015,2,937ef29af752c4d9003887775341aec498a596c938b863365fa259a4df9f4898
etonogestrel,Implant contraceptif,https://www.has-sante.fr/jcms/c_2560226/fr/nexplanon#analyseEco,Renouvellement,NEXPLANON,9/15/2015,Renouvellement,9/15/2015,2,b637f525d53a2b7f0b212f8a90f5ba658600a65a8717b89b52ab9ea6f9a5c6db
sécukinumab,Psoriasis en plaques modéré à sévère chez l’adulte,https://www.has-sante.fr/jcms/p_3211082/fr/cosentyx-spondyloarthrite-axiale-non-radiographique,Primo-inscription,COSENTYX,9/15/2015,Primo-inscription,9/15/2015,2,c7d27192a5b9ba9623c6609e22145aef73ef0580e6cf7f113d330ca2a49a3b78
DM,"Dispositif  médical - Valve aortique (haut risque, contre indiqué à la chirurgie)",https://www.has-sante.fr/jcms/c_2571460/fr/corevalve-aoa#analyseEco,Renouvellement,COREVALVE,10/13/2015,Renouvellement,10/13/2015,2,c314d08edf4f31015974b11401e0e9b535953bc5549401d9b4d7bc1e21c615bd
DM,"Dispositif  médical - Valve aortique (haut risque, contre indiqué à la chirurgie)",https://www.has-sante.fr/jcms/c_2598263/fr/sapien-3-modele-9600-tfx-transapicale#analyseEco,Renouvellement,SAPIEN 3,10/13/2015,Renouvellement,10/13/2015,2,9b584f5f55b37582ba07908cc9bf95fda22caa1d0663c5332ceffa6041a14b62
vorapaxar,Réduction des évènements athérothrombotiques chez les patients adultes ayant des antécédents d’infarctus du myocarde,https://www.has-sante.fr/jcms/c_2579446/fr/zontivity-vorapaxar-antiagregant-plaquettaire#analyseEco,Primo-inscription,ZONTIVITY,10/13/2015,Primo-inscription,10/13/2015,2,48792942a4091c242ea4e1e175d06c0b15d8876716025525ee79851f3dc4e15d
evolocumab,Hypercholestérolémie,https://www.has-sante.fr/jcms/c_2586918/fr/repatha-evolocumab-anti-pcsk9#analyseEco,Primo-inscription,REPATHA,12/8/2015,Primo-inscription,12/8/2015,2,afdb2fb7daa045b33503edf482a286f2eda514dff5bbde0bc576ee4a1dfa6705
nivolumab,Cancer bronchique non à petites cellules Epidermoïde (2ème ligne),https://www.has-sante.fr/jcms/c_2612055/fr/opdivo-cancer-bronchique-non-a-petites-cellules-2eme-ligne#analyseEco,Primo-inscription,OPDIVO,12/8/2015,Primo-inscription,12/8/2015,2,0912d7c164c8c755f9e95e5ee66dc7423728a5d6ab8c847c9d9a4bd98d1600c7
nivolumab,Mélanome avancé non résécable ou métastatique,https://www.has-sante.fr/jcms/c_2639665/fr/opdivo-melanome-1ere-ligne-nivolumab#analyseEco,Primo-inscription,OPDIVO,1/13/2016,Primo-inscription,1/13/2016,2,644623d3ed78a5d4112027d4bd13928a7b39e3770aa7122ee640a9b315e19c2d
pembrolizumab,Mélanome avancé non résécable ou métastatique,https://www.has-sante.fr/jcms/c_2639673/fr/keytruda-melanome-1ere-ligne-pembrolizumab#analyseEco,Primo-inscription,KEYTRUDA,3/16/2016,Primo-inscription,3/16/2016,2,7dc3eec6ad36a47a895be12f4de0acc9b9199dc4bdc80980897d59cde4ccc1ac
trametinib,Mélanome non résécable ou métastatique,https://www.has-sante.fr/jcms/c_2632556/fr/entresto#analyseEco,Primo-inscription,MEKINIST,3/22/2016,Primo-inscription,3/22/2016,2,5fcec2f1868d9cef5bbb01ab78c340ac7f874ca4cab06ca1e3be42127aba0328
alirocumab,Hypercholestérolémie,https://www.has-sante.fr/jcms/c_2629896/fr/praluent-alirocumab-hypolipemiant-anti-pcsk9#analyseEco,Primo-inscription,PRALUENT,4/12/2016,Primo-inscription,4/12/2016,2,d9a9f28340716f113998dfd043e40a9137860438c547e20fc43eb907ff2e096f
elvitegravir/cobicistat/emtricitabine/ténofovir alafénamide,VIH-1,https://www.has-sante.fr/jcms/c_2621468/fr/genvoya-emtricitabine-cobicistat-elvitegravir-et-tenofovir-alafenamide-association-d-antiviraux#analyseEco,Primo-inscription,GENVOYA,4/12/2016,Primo-inscription,4/12/2016,2,eaece62edac70026679c0fbe25a6e729915f945b885057380a0a6600df311cd1
sacubitril/valsartan,Insuffisance cardiaque,https://www.has-sante.fr/jcms/c_2632556/fr/entresto#analyseEco,Primo-inscription,ENTRESTO,4/12/2016,Primo-inscription,4/12/2016,2,195a78fa8c123587c2627b85329026d5d4de9e15db9446336d27c97f4d7c916b
asfotase alfa,Hypophosphatasie,https://www.has-sante.fr/jcms/c_2621689/fr/strensiq-asfotase-alfa-enzymotherapie-substitutive#analyseEco,Primo-inscription,STRENSIQ,5/10/2016,Primo-inscription,5/10/2016,2,84ae259252e356a4b1b74d3529c49a1d98a853befc7df0f4160fd0412842c619
carfilzomib,Myélome multiple (2eme ligne et plus),https://www.has-sante.fr/jcms/c_2621689/fr/strensiq-asfotase-alfa-enzymotherapie-substitutive#analyseEco,Primo-inscription,KYPROLIS,5/10/2016,Primo-inscription,5/10/2016,2,a2bbf719cf74e2d105cc7c8c07f5d078a810a5a3c7b8c3da4faea00cd1d47e97
lumacaftor/ivacaftor,Mucoviscidose,https://www.has-sante.fr/jcms/c_2656337/fr/orkambi-lumacaftor-/-ivacaftor-correcteur-et-potentialisateur-du-gene-cftr#analyseEco,Primo-inscription,ORKAMBI,5/10/2016,Primo-inscription,5/10/2016,2,84d246e63be4de4f3f084b6c0651b929d65445016547eff99263420c1c14841e
cobimetinib,Mélanome non résécable ou métastatique,https://www.has-sante.fr/jcms/c_2620147/fr/cotellic-cobimetinib-anti-mek-inhibiteur-de-proteine-kinase#analyseEco,Primo-inscription,COTELLIC,6/14/2016,Primo-inscription,6/14/2016,2,c242046160e4ee52567c338f0be1ce02b063c22d2cb18bec5d300a89ffca7b26
ibrutinib,Leucémie lymphoïde chronique,https://www.has-sante.fr/jcms/c_2049868/fr/imbruvica-ibrutinib-inhibiteur-de-tyrosine-kinase-de-bruton-btk#analyseEco,Réévaluation,IMBRUVICA,6/14/2016,Réévaluation,6/14/2016,2,40b1ac9d3133da108542adff45311d130e1aad1d07449c42818e89d2c6ce8264
DM,"Dispositif  médical - Valve aortique (haut risque, contre indiqué à la chirurgie)",https://www.has-sante.fr/jcms/c_2571460/fr/corevalve-aoa#analyseEco,Réévaluation,COREVALVE,9/13/2016,Réévaluation,9/13/2016,2,c314d08edf4f31015974b11401e0e9b535953bc5549401d9b4d7bc1e21c615bd
empagliflozine,Diabète de type 2 non contrôlé,https://www.has-sante.fr/jcms/c_2722414/fr/jardiance-empagliflozine-antidiabetique-oral#analyseEco,Réévaluation,JARDIANCE,9/13/2016,Réévaluation,9/13/2016,2,5d7ab918b00b0295b5058b5b721afc6c42b660dc85faf71aa0db3d335d31cfd0
ipilimumab,Mélanome avancé,https://www.has-sante.fr/jcms/c_2769366/fr/yervoy-melanome-2eme-ligne#analyseEco,Réévaluation,YERVOY,9/13/2016,Réévaluation,9/13/2016,2,0c2acf6bcb769e6a8045b12c302355d0c98662afaf651ab17cf3b626af26d437
bevacizumab,"Carcinome du col de l’utérus persistant, en rechute ou métastatique",https://www.has-sante.fr/jcms/c_2658489/fr/avastin-bevacizumab-anticorps-monoclonal-col-de-l-uterus#analyseEco,Extension d'indication,AVASTIN,10/11/2016,Extension d'indication,10/11/2016,2,7e8cdf34f932fd412c12fc0b53fcb36f8b66dbeb39bd9d7048dc7ba898ce4012
nivolumab,Cancer bronchique non à petites cellules non épidermoïde (2ème ligne),https://www.has-sante.fr/jcms/c_2742286/fr/opdivo-cancer-bronchique-non-a-petites-cellules-2eme-ligne#analyseEco,Extension d'indication,OPDIVO,10/11/2016,Extension d'indication,10/11/2016,2,39b62882472bea2a13c55c30f5d5659e3dbfe7ae19c08be1166343d4dedd3f04
nivolumab,Carcinome à cellules rénales avancé ou métastatique,https://www.has-sante.fr/jcms/c_2682094/fr/opdivo-cancer-renal-2eme-ligne#analyseEco,Extension d'indication,OPDIVO,11/8/2016,Extension d'indication,11/8/2016,2,02cffd4427488cdad8eae86d0afb65626f2372b9a938c83fddad5c1858a80ae3
protéine plasmatiques humaines,Déficits complexes en facteurs de coagulation,https://www.has-sante.fr/jcms/c_2663236/fr/octaplaslg-proteines-plasmatiques-humaines-medicament-derive-du-sang#analyseEco,Primo-inscription,OCTAPLAS LG,11/8/2016,Primo-inscription,11/8/2016,2,f6364433456c2bb556aa135fe4f3fc785f25974f5e1cde1c8efc061b8485024e
daratumumab,Myélome multiple en rechute et réfractaire,https://www.has-sante.fr/jcms/c_2808595/fr/darzalex-daratumumab-anticorps-monoclonal-monotherapie,Primo-inscription,DARZALEX,1/17/2017,Primo-inscription,1/17/2017,2,d919e70daf0daf0df2c9e6d96bfad16b5b451dcfc03f1dc3caf58c811ddee093
pembrolizumab,Cancer bronchique non à petites cellules (2nde ligne),https://www.has-sante.fr/jcms/c_2755875/fr/keytruda-cancer-bronchique-non-a-petites-cellules-2eme-ligne#analyseEco,Extension d'indication,KEYTRUDA,1/17/2017,Extension d'indication,1/17/2017,2,1c85b130e6bfdd34f8a8710353843e03f7bec6dab902243cb387dd7be21e47a4
DM,Dispositif médical - Insuffisance mitrale,https://www.has-sante.fr/jcms/c_2740889/fr/mitraclip-nt#analyseEco,Primo-inscription,MITRACLIP NT,3/14/2017,Primo-inscription,3/14/2017,2,463f3abc26fb9c6d9e9d2cf306e54d62dc0feafa0be5f2c558c2fee01dd6bb19
Eribuline,Liposarcome (en 2nde et plus),https://www.has-sante.fr/jcms/c_2761874/fr/halaven-eribuline-antineoplasique#analyseEco,Extension d'indication,HALAVEN,3/14/2017,Extension d'indication,3/14/2017,2,27141000a74b52e43ba12e7766ef28b33a1b81a8c7b45428209e8cf1fa5f293b
DM,Stimulateur cardiaque,https://www.has-sante.fr/jcms/c_2747013/fr/optimizer-ivs#analyseEco,Primo-inscription,OPTIMIZER,4/11/2017,Primo-inscription,4/11/2017,2,90642ed3f97841691ce1a539b4a96a33d371ed463ffa7da421bdd907d22b37ff
idelalisib,Leucémie lymphoïde chronique (2ème ligne et plus),https://www.has-sante.fr/jcms/c_2047021/fr/zydelig-idelalisib-inhibiteur-de-kinase#analyseEco,Réévaluation,ZYDELIG,5/16/2017,Réévaluation,5/16/2017,2,28a15f3628365f86c7822394e32f684408b477c000245084ee1973d8be696929
obinutuzumab,Lymphome folliculaire,https://www.has-sante.fr/jcms/c_2019122/fr/gazyvaro-obinutuzumab-anticorps-monoclonal-anti-cd20-recombinant-humain-de-type-ii#analyseEco,Extension d'indication,GAZYVARO,5/16/2017,Extension d'indication,5/16/2017,2,e4c722b03f189c07e6c97eba92fdce136fb90661b6d7ebb0dea7914858d78aad
pembrolizumab,Cancer bronchique non à petites cellules (CBNPC) métastatique,https://www.has-sante.fr/jcms/c_2774645/fr/keytruda-cancer-bronchique-non-a-petites-cellules-1ere-ligne#analyseEco,Extension d'indication,KEYTRUDA,5/16/2017,Extension d'indication,5/16/2017,2,81cca73e474e396dbb8ee938f0fa1f0662292427e50423ed66f70e468072e990
vénétoclax,Leucémie lymphoïde chronique,https://www.has-sante.fr/jcms/c_2788624/fr/venclyxto#analyseEco,Primo-inscription,VENCLYXTO,6/13/2017,Primo-inscription,6/13/2017,2,065a35a2f3090a4b51ded915a694635540b32a000742664c0a9d827d2cc2ee74
cabozantinib,Carcinome rénal avancé après une thérapie ciblée,https://www.has-sante.fr/jcms/c_2736733/fr/cabometyx-cabozantinib-inhibiteur-de-tyrosine-kinase#analyseEco,Réévaluation,CABOMETYX,7/11/2017,Réévaluation,7/11/2017,2,04fc3d54bf2dd05623aef5fb45427e837bf4c4ee75510a1259fdfa6f7279002d
palbociclib,Cancer du sein (RH+/HER2-) localement avancé ou métastatique,https://www.has-sante.fr/jcms/c_2761877/fr/ibrance-palbociclib-inhibiteur-de-proteine-kinase#analyseEco,Primo-inscription,IBRANCE,7/11/2017,Primo-inscription,7/11/2017,2,7133f9de839a4e1df952d073e4aa271b4993d191fb88fc5bd6668944fefab670
Acide obéticholique,Cholangite biliaire primitive,https://www.has-sante.fr/jcms/c_2773278/fr/ocaliva-acide-obeticholique-acide-biliaire#analyseEco,Primo-inscription,OCALIVA,9/12/2017,Primo-inscription,9/12/2017,2,9211181242952e9d21237db2ab1170d0f95740cc89abf95d5ecde93343f97afe
osimertinib,"Cancer bronchique non à petites cellules (CBNPC) localement avancé ou métastatique, avec mutation EGFR T790M",https://www.has-sante.fr/jcms/c_2794988/fr/tagrisso-osimertinib-inhibiteur-de-tyrosine-kinase#analyseEco,Réévaluation,TAGRISSO,9/12/2017,Réévaluation,9/12/2017,2,d779f80e41e09fbd32fc45ef563a98b24a2bd90db123d4f30d1749ced62aa9d3
vaccin papillomavirus 9-valent,"Immunisation active des individus à partir de 9 ans contre les
maladies dues aux HPV",https://www.has-sante.fr/jcms/c_2796800/fr/gardasil-9-vaccin-papillomavirus-humain-9-valent#analyseEco,Primo-inscription,GARDASIL9,9/12/2017,Primo-inscription,9/12/2017,2,850c2fa4191c83063dcfdaabe0026cccb699bf46ce3048d5db2f498b3ea167b7
carfilzomib,Myélome multiple,https://www.has-sante.fr/jcms/c_2635789/fr/kyprolis-carfilzomib-antineoplasique#analyseEco,Extension d'indication,KYPROLIS,10/17/2017,Extension d'indication,10/17/2017,2,1c09726ec81a41aaf749028695d1dec8f0fdee2a5a6704ea96b7d36fb5bcbe30
nivolumab,Cancer épidermoïde de la tête et du cou,https://www.has-sante.fr/jcms/c_2829034/fr/opdivo-nivolumab-anticorps-anti-pd1#analyseEco,Extension d'indication,OPDIVO,11/7/2017,Extension d'indication,11/7/2017,2,1c4009ed2a7f4af0a31b226aa36ea2666dd07c85eb28cde66b6d6600b101f6c4
canakinumab,Fièvres récurrentes héréditaires,https://www.has-sante.fr/jcms/c_2806295/fr/ilaris-canakinumab-inhibiteur-de-l-interleukine-1#analyseEco,Extension d'indication,ILARIS,12/12/2017,Extension d'indication,12/12/2017,2,f6ee05f2d7416fe6dda29b037b6d9abcb04d3dcc1b16fa951318cecfef25c39d
daratumumab,Myélome multiple (2eme ligne),https://www.has-sante.fr/jcms/c_2808583/fr/darzalex-daratumumab-anticorps-monoclonal-en-association#analyseEco,Extension d'indication,DARZALEX,12/12/2017,Extension d'indication,12/12/2017,2,f127e8d34e6b96dfddba499a803e8d348188fe080d81b8b6e21e81cdb1b9ef91
nusinersen,Amyotrophie spinale,https://www.has-sante.fr/jcms/c_2826600/fr/spinraza-nusinersen-oligonucleotide-antisens#analyseEco,Primo-inscription,SPINRAZA,12/12/2017,Primo-inscription,12/12/2017,2,b5b106d2ec7aa507553ee5c0ba6b05418e8adde30aad9c35021d222cadc8e679
obinutuzumab,Leucémie lymphoïde chronique,https://www.has-sante.fr/jcms/c_2019122/fr/gazyvaro-obinutuzumab-anticorps-monoclonal-anti-cd20-recombinant-humain-de-type-ii#analyseEco,Réévaluation,GAZYVARO,2/13/2018,Réévaluation,2/13/2018,2,ecc41fc9f8e59f3d5a26843e701c580e280a4996257da3db29fd830ba96df019
atezolizumab,Cancer bronchique non à petites cellules (CBNPC) localement avancé ou métastatique après une chimiothérapie antérieure,https://www.has-sante.fr/jcms/c_2856045/fr/tecentriq-cancer-bronchique-non-a-petites-cellules-2eme-ligne#analyseEco,Primo-inscription,TECENTRIQ,3/13/2018,Primo-inscription,3/13/2018,2,b20b54d0052b326b9de66ecb5b51fb4d82d1ca1941424d40b3022c339bfd2b0b
dabigatran,Prévention de l’accident vasculaire cérébral et de l’embolie systémique,https://www.has-sante.fr/jcms/c_2826822/fr/pradaxa#analyseEco,Réévaluation,PRADAXA,3/13/2018,Réévaluation,3/13/2018,2,353db09586a8f84693a52140ece712f91d188e784ac1d5d85e514e455d198adb
midostaurine,"Mastocytose systémique agressive, mastocytose systémique associée à une autre hémopathie maligne, leucémie à mastocytes",https://www.has-sante.fr/jcms/c_2861089/fr/rydapt-midostaurine-inhibiteur-de-tyrosine-kinase-mastocytose#analyseEco,Primo-inscription,RYDAPT,4/10/2018,Primo-inscription,4/10/2018,2,8958049bc8a46fad1a8d37244bae07bb46128588cd90b9f2237506e7010194a7
dupilumab,Dermatite atopique modérée à sévère,https://www.has-sante.fr/jcms/c_2865400/fr/dupixent-dupilumab-medicament-de-la-dermatite-non-corticoide#analyseEco,Primo-inscription,DUPIXENT,5/22/2018,Primo-inscription,5/22/2018,2,24dab026442c5764b56280520b1cdf511da93097625386abe30a93dd7e4b3c4a
Lu-DOTA-octréotate,Tumeurs neuroendocrines gastro-entéro-pancréatiques (TNE-GEP),https://www.has-sante.fr/jcms/c_2864194/fr/lutathera-177lutecium-oxodotreotide-radiopharmaceutique#analyseEco,Primo-inscription,LUTATHERA,5/22/2018,Primo-inscription,5/22/2018,2,ad4bbd2801ab24b28618b77af2239b1a7f34c5d56198e46fb935ad31f4d4e245
midostaurine,Leucémie aiguë myéloïde,https://www.has-sante.fr/jcms/c_2862069/fr/rydapt-midostaurine-inhibiteur-de-tyrosine-kinase#analyseEco,Primo-inscription,RYDAPT,5/22/2018,Primo-inscription,5/22/2018,2,12d542b67f3e2c44b8ad549591d0183594a93d5e789fba5b3867424ef75bc3b3
ribociclib,Cancer du sein (RH+/HER2-) localement avancé ou métastatique,https://www.has-sante.fr/jcms/c_2827573/fr/kisqali#analyseEco,Primo-inscription,KISQALI,5/22/2018,Primo-inscription,5/22/2018,2,54e830413e35c1b1e4ee5801d93a7d0a355bc35bbfe768e7b3bee71f5bcad170
abiraterone,Cancer métastatique de la prostate hormono-sensible (mHSPC) à haut risque nouvellement diagnostiqué,https://www.has-sante.fr/jcms/c_2857377/fr/zytiga-acetate-d-abiraterone-inhibiteur-de-la-synthese-des-androgenes#analyseEco,Extension d'indication,ZYTIGA,7/10/2018,Extension d'indication,7/10/2018,2,4e59a3fc631c66b95f799a1589aceba3d5146d6341c1959c330b9576d996ab11
alectinib,Cancer bronchique non à petites cellules (CBNPC) localement avancé ou métastatique,https://www.has-sante.fr/jcms/c_2857802/fr/alecensa-alectinib-inhibiteur-de-tyrosine-kinase#analyseEco,Extension d'indication,ALECENSA,7/10/2018,Extension d'indication,7/10/2018,2,86a16059204a900c2559d89ca199a80c2858835e27c00209e607eddf91fc8ee0
niraparib,"Cancer épithélial séreux de haut grade de l'ovaire, des trompes de
Fallope ou péritonéal primitif",https://www.has-sante.fr/jcms/c_2867845/fr/zejula-niraparib-inhibiteur-de-parp-poly-adp-ribose-polymerase#analyseEco,Primo-inscription,ZEJULA,7/10/2018,Primo-inscription,7/10/2018,2,1c7e6da9799373a7b39c583e844a7cd4bd9b4738ff52bbe765b653afa3734e93
pembrolizumab,Carcinome urothélial (2e ligne),https://www.has-sante.fr/jcms/c_2830777/fr/keytruda-carcinome-urothelial#analyseEco,Extension d'indication,KEYTRUDA,7/10/2018,Extension d'indication,7/10/2018,2,4df4a018ff69a7bde12251926676dc2d4e71ea1f2f684c642d8d0c9b94174237
atezolizumab,Cancer bronchique non à petites cellules (CBNPC) localement avancé ou métastatiqu,https://www.has-sante.fr/jcms/c_2856045/fr/tecentriq-cancer-bronchique-non-a-petites-cellules-2eme-ligne#analyseEco,Réévaluation,TECENTRIQ,10/9/2018,Réévaluation,10/9/2018,2,3c9ca6a5b9eebc41939ca6af4e8a949db0b2f234a3cbf709dc5e2d562b38cc9c
emicizumab,Hémophilie,https://www.has-sante.fr/jcms/c_2868847/fr/hemlibra-emicizumab-hemostatique#analyseEco,Primo-inscription,HEMLIBRA,10/9/2018,Primo-inscription,10/9/2018,2,26a6519c72eff1244f6dfccc96bf437274a9bc4c0c6c8ee20211d3266332bbc6
ocrelizumab,Sclérose en Plaques primaire progressive (SEP-PP),https://www.has-sante.fr/jcms/c_2863557/fr/ocrevus-ocrelizumab-immunosuppresseur-sep-d-emblee-progressive#analyseEco,Primo-inscription,OCREVUS SEP-PP,10/9/2018,Primo-inscription,10/9/2018,2,3f8b8ac50af2d5790e7a40fc52375bc25d9f445e4eb2117078fdcd5181996842
ocrelizumab,Sclérose en Plaques Récurrente (SEP-R),https://www.has-sante.fr/jcms/c_2868189/fr/ocrevus-sep-recurrente#analyseEco,Primo-inscription,SEP-R,10/9/2018,Primo-inscription,10/9/2018,2,a9d978cc6446650024a8a5d1f8deaec5483352c20df64381bf4898b4fa12da5c
ocrelizumab,"SEP-PP et SEP-R, analyse d'impact budgétaire",https://www.has-sante.fr/jcms/c_2863557/fr/ocrevus-ocrelizumab-immunosuppresseur-sep-d-emblee-progressive#analyseEco,Primo-inscription,OCREVUS,10/9/2018,Primo-inscription,10/9/2018,2,bfe364419364b307fc723a40a794434fa6854be4c83adaf036c41d63c761b104
DM,Pansement - Ulcère du pied diabétique,https://www.has-sante.fr/jcms/c_2867136/fr/urgostart#videotoc_1_1,Extension d'indication,UrgoStart,11/13/2018,Extension d'indication,11/13/2018,2,999b337e0bf7216330a94635d7c0341151b6ad14f7d5609bb23223440e2d967f
DM,Pansement - Ulcère veineux de la jambe,https://www.has-sante.fr/jcms/c_2867136/fr/urgostart#videotoc_1_1,renouvellement,UrgoStart,11/13/2018,renouvellement,11/13/2018,2,b20fdb794022ba87ccb6f764fd9c2e4431a98afe66f74efdf607486764ef8592
DM,"Valve aortique implantée par voie transartérielle (haut risque, risque intermédiaire)",https://www.has-sante.fr/jcms/c_2873541/fr/corevalve-evolut-r#analyseEco,Extension d'indication,COREVALVE,12/11/2018,Extension d'indication,12/11/2018,2,cf634e3650434c1cbceccbb121e9dc25334d2cc339d54436c54d054ab9ea1712
Y-90 resin microspheres,Carcinome hépatocellulaire inopérable,https://www.has-sante.fr/jcms/c_2892909/fr/sir-spheres#analyseEco,Extension d'indication,SIR-Sphères,12/11/2018,Extension d'indication,12/11/2018,2,afb664e747c9766bb76d044e24994396ca6ba47ad8366d652d1f40ed9bd06d70
axicabtagene ciloleucel,Lymphome diffus à grandes cellules B et lymphome médiastinal primitif  à grandes cellules B,https://www.has-sante.fr/jcms/c_2888882/fr/yescarta-axicabtagene-ciloleucel-car-t-anti-cd19#analyseEco,Primo-inscription,YESCARTA,1/15/2019,Primo-inscription,1/15/2019,2,33d174caab5ad689d2832db1ec42025f4316df16e156584e1ef7613aa8054927
liraglutide,Diabète de type 2,https://www.has-sante.fr/jcms/c_2894920/fr/victoza#analyseEco,Réévaluation,VICTOZA,1/15/2019,Réévaluation,1/15/2019,2,361b3857140ca8e75b588f8e60f7bc3fd20ba4727bb9e2bd0bed2d1d12a865c0
tisagenlecleucel,Leucémie aiguë lymphoblastique,https://www.has-sante.fr/jcms/c_2891689/fr/kymriah-tisagenlecleucel-car-t-anti-cd19-lal#analyseEco,Primo-inscription,KYMRIAH,1/15/2019,Primo-inscription,1/15/2019,2,472b5213156e78ca9fb6fa864e82d8ab670dc00d42e24b6f5ea1fdfbcd824fae
tisagenlecleucel,Lymphome diffus à grandes cellules B,https://www.has-sante.fr/jcms/c_2891692/fr/kymriah-tisagenlecleucel-car-t-anti-cd19-ldgcb#analyseEco,Primo-inscription,KYMRIAH LDGCB,1/15/2019,Primo-inscription,1/15/2019,2,b5902bb3ec5013abbff3e0cab21b5621f78012bef85f9e22f2fc300250f04b52
erenumab,Migraine sévère,https://www.has-sante.fr/jcms/c_2908652/fr/aimovig#analyseEco,Primo-inscription,AIMOVIG,2/12/2019,Primo-inscription,2/12/2019,2,7b09ff5aa926b166295fd147a7aee84713d1b2e84a1ec63faf70e973ea014a37
pembrolizumab,Cancer bronchique non à petites cellules non épidermoïde (1re ligne),https://www.has-sante.fr/jcms/c_2906433/fr/keytruda-cancer-bronchique-non-a-petites-cellules-1ere-ligne#analyseEco,Extension d'indication,KEYTRUDA,2/12/2019,Extension d'indication,2/12/2019,2,aa6b5d81aa5215a679cdfbbdf428fff8bc54d76f4c5df340aeb9327e5e7c9b9a
enzalutamide,Cancer métastatique de la prostate résistant à la castration après une chimiothérapie à base de docétaxel,https://www.has-sante.fr/jcms/p_3076390/fr/xtandi-40-mg#analyseEco,Renouvellement,XTANDI,3/19/2019,Renouvellement,3/19/2019,2,127f8926e4b73036e9d1d5e3df87e8639a4e2d95b1ff7b7b7cf39e555fdd7e2c
nivolumab,Traitement adjuvant du mélanome,https://www.has-sante.fr/jcms/c_2897014/fr/opdivo-melanome#analyseEco,Extension d'indication,OPDIVO,4/16/2019,Extension d'indication,4/16/2019,2,99f8f95bcb1db1d51a239d1305d41d1e85eabd0a76cb77c5fc7a82a41d0aaf6f
durvalumab,"Cancer bronchique non à petites cellules localement avancé, non opérable",https://www.has-sante.fr/jcms/c_2908478/fr/imfinzi-cancer-bronchique-non-a-petites-cellules-2eme-ligne#analyseEco,Primo-inscription,IMFINZI,5/14/2019,Primo-inscription,5/14/2019,2,4e210fea5f6381fa4b2ec82877b572276415527ee601f29b9119a45c63bedf19
inotersen,Amylose hérédiatire à transthyrétine (hATTR),https://www.has-sante.fr/jcms/c_2965636/fr/tegsedi#analyseEco,Primo-inscription,TEGSEDI,5/14/2019,Primo-inscription,5/14/2019,2,85ad66a490a978801a98d4956c6c7d9f878c24791baa8a6a59d22102124903fd
trametinib/dabrafenib,Traitement adjuvant du mélanome,https://www.has-sante.fr/jcms/c_2911595/fr/mekinist-tafinlar#analyseEco,Extension d'indication,TAFINLAR MEKINIST,5/14/2019,Extension d'indication,5/14/2019,2,c2d519b80b5ba6147afc9c2f7212552fbe7953281b69e1e7605ba3d7f2de4047
vénétoclax,Leucémie lymphoïde chronique (en 2e ligne ou plus),https://www.has-sante.fr/jcms/p_3106167/fr/venclyxto#analyseEco,Extension d'indication,VENCLYXTO,5/14/2019,Extension d'indication,5/14/2019,2,1ad79eb0b3b18a8fa5e1154810241301f2f4a62ab952d6913f2ed03bee2e3229
voretigene neparvovec,Distrophine rétinienne héréditaire,https://www.has-sante.fr/jcms/c_2964759/fr/luxturna#analyseEco,Primo-inscription,LUXTURNA,5/14/2019,Primo-inscription,5/14/2019,2,0be9d35f090a7460e3cb96360e4bb8251f014322e855298a7ecebb68dedb5ff8
patisiran,Amylose hérédiatire à transthyrétine (hATTR),https://www.has-sante.fr/jcms/c_2912140/fr/onpattro#analyseEco,Primo-inscription,ONPATTRO,6/11/2019,Primo-inscription,6/11/2019,2,e17537e001684e7d4cf4cb8767b36d69e126be0d577826e608b98eb592412a45
atezolizumab,Cancer bronchique non à petites cellules non épidermoïde (1re ligne),https://www.has-sante.fr/jcms/p_3113584/fr/tecentriq-cancer-bronchique-non-a-petites-cellules-1ere-ligne#analyseEco,Extension d'indication,TECENTRIQ,7/16/2019,Extension d'indication,7/16/2019,2,44f371bfeb89a57b490a197f508fee48ca04074c5f2b9332538d6a9d534e50d0
enzalutamide,"Cancer de la prostate résistant à la castration, non métastatique à haut risque",https://www.has-sante.fr/jcms/p_3069202/fr/xtandi#analyseEco,Extension d'indication,XTANDI,7/16/2019,Extension d'indication,7/16/2019,2,abf3883345e8b2c4e9d7470035ee3eb2a6f43b76ed0c6073e9e66a0fb4a4817f
pembrolizumab,Traitement adjuvant du mélanome de stade III après résection complète,https://www.has-sante.fr/jcms/p_3081878/fr/keytruda-melanome#analyseEco,Extension d'indication,KEYTRUDA,7/16/2019,Extension d'indication,7/16/2019,2,177ad9fa78e5c0cb7218dd7f196e21af25f0c265b8d7ed00b0bcac47f9f33e98
apalutamide,Cancer de la prostate résistant à la castration non métastatique à risque élevé,https://www.has-sante.fr/jcms/p_3076072/fr/erleada#analyseEco,Primo-inscription,ERLEADA,9/17/2019,Primo-inscription,9/17/2019,2,24ec1823c888c180535ee05d52305ec4236f34ccc734c448a4c9c0f428e92dc8
lanadelumab,Prévention des crises récurrentes d’angio-oedème héréditaire (AOH) chez les patients âgés de 12 ans et plus,https://www.has-sante.fr/jcms/c_2973363/fr/takhzyro#analyseEco,Primo-inscription,TAKHZYRO,10/15/2019,Primo-inscription,10/15/2019,2,e6cc248b63152a13bc9c3622b2b7c9af93e307037fcbb1e491a27f18dec81a95
nivolumab,Carcinome à cellules rénales an association à ipilimumab (1re ligne),https://www.has-sante.fr/jcms/p_3097610/fr/opdivo-yervoy-carcinome-renal-1ere-ligne#analyseEco,Extension d'indication,OPDIVO,10/15/2019,Extension d'indication,10/15/2019,2,e56199ed56d81f2f6a9c0e0c959ebd9485355fa09b211f095d72b6a96def6f94
pembrolizumab,"Cancer bronchique non à petites cellules épidermoïde (1re ligne), association à sel de platine +pemetrexed",https://www.has-sante.fr/jcms/p_3112911/fr/keytruda-cancer-bronchique-non-a-petites-cellules-1ere-ligne#analyseEco,Extension d'indication,KEYTRUDA,10/15/2019,Extension d'indication,10/15/2019,2,a5ec1591fda7b65a01faa9ad2b91b7ae7c281d9ece1cfd59bcec2b30c2b2dab0
ruxolitinib,"Splénomégalie ou symptômes liés à la maladie chez l’adulte atteint de myélofibrose primitive, de myélofibrose secondaire à la maladie de Vaquez ou de myélofibrose secondaire à la thrombocytémie essentielle",https://www.has-sante.fr/jcms/c_2658531/fr/jakavi#analyseEco,Renouvellement,JAKAVI,10/15/2019,Renouvellement,10/15/2019,2,188b33c6d17951b15f7055383c091bf506080826f5ff1f3a6b91778a4d2a954e
DM,Dispositif médical - Orthopédie (infectiologie),https://www.has-sante.fr/jcms/p_3106819/fr/dac#analyseEco,Primo-inscription,Kit DAC,11/12/2019,Primo-inscription,11/12/2019,2,a4d3d0eb0f2be46f587885ee84d5283cc9bed64bf4eb47976249eaaa5028fcae
DM,Dispositif médical implantable - Cardiologie,https://www.has-sante.fr/jcms/c_2011106/fr/amplatzer-amulet-left-atrial-appendage-occluder#analyseEco,Primo-inscription,AMPLAZER,12/17/2019,Primo-inscription,12/17/2019,2,2fd1fcb1f68408edf406eb7d71bc9fa491166349722b5b57301816f126bcb4df
DM,Dispositif médical implantable - Insuffisance mitrale secondaire,https://www.has-sante.fr/jcms/p_3120496/fr/mitraclip-ntr#videotoc_1_1,Extension d'indication,MITRACLIP NTR/XTR,1/21/2020,Extension d'indication,1/21/2020,2,6ea5b64fb7a1b3b1f0c6337a496145af857bd9b17791ac7075c054877f531e82
cellules CD34+ autologues encodant le gêne βA-T87Q-globine,β-thalassémie chez les patients âgés de 12 ans et plus,https://www.has-sante.fr/jcms/p_3165706/fr/zynteglo#analyseEco,Primo-inscription,ZYNTEGLO,2/11/2020,Primo-inscription,2/11/2020,2,6daa9740db76cdc3600532ee48de7064638d9827e73328d399abae17f19bef9e
DM,Dispositif médical implantable - Insuffisance cardiaque chronique,https://www.has-sante.fr/jcms/p_3167723/fr/optimizer-smart#analyseEco,Primo-inscription,OPTIMIZER SMART,2/11/2020,Primo-inscription,2/11/2020,2,2919ce5f5f5f75277dd5f44ffc5d7e24eb84c54055bfe7889ea0e360acd3fac0
dupilumab,Dermatite atopique modérée à sévère qui nécessite un traitement systémique chez les adolescents âgés de 12 ans et plus,https://www.has-sante.fr/jcms/p_3168602/fr/dupixent#analyseEco,Extension d'indication,DUPIXENT,2/11/2020,Extension d'indication,2/11/2020,2,ff979918cb573f2656533c7a9e4fa71b444f053164ffb82b0fbd9f54c5873126
pembrolizumab,Carcinome à cellules rénales (1re ligne),https://www.has-sante.fr/jcms/p_3184677/fr/keytruda-cancer-du-rein#analyseEco,Extension d'indication,KEYTRUDA,3/10/2020,Extension d'indication,3/10/2020,2,d281f186e3a78c28d921ed789039ba5362a3dd625963a75d198cf6a109d95e86
Atézolizumab,Cancer bronchique à petites cellules de stade étendu (en 1re ligne),https://www.has-sante.fr/jcms/p_3167438/fr/tecentriq#analyseEco,Extension d'indication,TECENTRIQ,3/11/2020,Extension d'indication,3/11/2020,2,f70c6e06ff6d39ebdbfd005afd96911385591ecfe3da0c987f1a137a3b8dac1d
Atézolizumab,Cancer du sein triple négatif localement avancé non résécable ou métastatique (PD-L1 ≥ 1%)(1re ligne),https://www.has-sante.fr/jcms/p_3167438/fr/tecentriq#analyseEco,Primo-inscription,TECENTRIQ,3/11/2020,Primo-inscription,3/11/2020,2,423d9a8f033fdfe0480a303a71f1b3fd07a1dad274b4770bd5deb7de0a93408e
cannabidiol,Crises d’épilepsie associées au syndrome de Lennox Gastaut (SLG) ou au syndrome de Dravet (SD) chez les patients pharmacorésistants de 2 ans et plus,https://www.has-sante.fr/jcms/p_3184448/fr/epidyolex#analyseEco,Primo-inscription,EPIDYOLEX,4/21/2020,Primo-inscription,4/21/2020,2,d873ad963ea4c07cfc571d896c664c8485e2c1e119a017ae45c56d2000db9ba7
olaparib,"Cancer épithélial avancé (stades FIGO III et IV) de haut grade de l'ovaire, des trompes de Fallope ou péritonéal primitif",https://www.has-sante.fr/jcms/p_3135598/fr/lynparza#analyseEco,Extension d'indication,LYNPARZA,4/21/2020,Extension d'indication,4/21/2020,2,71ff6965540ba4a45abafe1d49d4e8e50eed651763f2c132a21dc740052ff83e
trastuzumab emtansine,Cancer du sein précoce HER2+,https://www.has-sante.fr/jcms/p_3188463/fr/kadcyla#analyseEco,Extension d'indication,KADCYLA,5/12/2020,Extension d'indication,5/12/2020,2,27d3b50fdec86f2ca427fd72dfdcb6af8274bb0ca1705b9d5673ca7db5549219
Dupilumab,"Polypose naso-sinusienne sévère insuffisamment contrôlés par des corticoïdes systémiques et la chirurgie, chez l'adulte",https://www.has-sante.fr/jcms/c_2865400/fr/dupixent-dupilumab-medicament-de-la-dermatite-non-corticoide#analyseEco,Extension d'indication,DUPIXENT,6/16/2020,Extension d'indication,6/16/2020,2,39050df33e8ee08652bb8335fcbe895b43bcd0d40ea8a9d742a7950864f7597f
giltéritinib,Leucémie aigüe myéloïde (LAM) en rechute ou réfractaire porteurs d’une mutation du gène FLT3,https://www.has-sante.fr/jcms/p_3192321/fr/xospata#analyseEco,Primo-inscription,XOSPATA,6/16/2020,Primo-inscription,6/16/2020,2,980b8e3e4cd18c88579f6f92dd153f488f4ff05c5de34b3d2f94eaff1ffea5f9
tezacaftor/ivacaftor,"Mucoviscidose, hétérozygotes pour la mutation F508del et porteurs de l’une des mutations suivantes du gène CFTR (12 ans et plus)",https://www.has-sante.fr/jcms/p_3184439/fr/symkevi-/-kalydeco#analyseEco,Primo-inscription,SYMKEVI,6/16/2020,Primo-inscription,6/16/2020,2,ad3426c12f9f24b59822b8aa479f59df9c0f08914aac1bcc965f0e14350ecc3e
vaccin grippal quadrivalent,Immunisation active des personnes âgées de 65 ans et plus en prévention de la grippe,https://www.has-sante.fr/jcms/p_3191303/fr/efluelda#analyseEco,Primo-inscription,EFLUELDA,6/25/2020,Primo-inscription,6/25/2020,2,fc77c0dcce193c228b53a877f9ac9a58fc2bad909841870658d1a9936cf5b7c2
apalutamide,Cancer de la prostate métastatique hormonosensible (mHSPC),https://www.has-sante.fr/jcms/p_3191918/fr/erleada#analyseEco,Extension d'indication,ERLEADA,7/16/2020,Extension d'indication,7/16/2020,2,4eab4fe5e8fbccf6bb335751afb65d94f907966afeb70bef6f780840aec57ab6
pembrolizumab,Carcinome épidermoïde de la tête et du cou (CETEC) métastatique ou récidivant non résécable dont les tumeurs expriment PD-L1 (1re ligne),https://www.has-sante.fr/jcms/p_3190303/fr/keytruda-carcinome-epidermoide-de-la-tete-et-du-cou-cetec#analyseEco,Extension d'indication,KEYTRUDA,7/16/2020,Extension d'indication,7/16/2020,2,e39846656898616b1daee35eea90d22349e0fb1cf1fb7874f117633d967861e8
polatuzumab vedotin,Lymphome diffus à grandes cellules B (LDGCB) en rechute ou réfractaire (R/R),https://www.has-sante.fr/jcms/p_3196691/fr/polivy#analyseEco,Primo-inscription,POLIVY,7/16/2020,Primo-inscription,7/16/2020,2,232ae41d8a079ed3cbfbeb0d8e9a11a870c4605a49e35006cac0748339f7aa7a
remdesivir,Maladie à coronavirus 2019 (COVID-19) chez les patients ayant une pneumonie oxygénore-quérante,https://www.has-sante.fr/jcms/p_3201793/fr/veklury#analyseEco,Primo-inscription,VEKLURY,7/16/2020,Primo-inscription,7/16/2020,2,c9111cf3b31cf6f9383aae2d3a82a6a69c7a1e83365e01d88255b6e25f228d7d
givosiran,Porphyrie hépatique aigüe (PHA) chez les adultes et les adolescents de 12 ans et plus,https://www.has-sante.fr/jcms/p_3191915/fr/givlaari#analyseEco,Primo-inscription,GIVLAARI,9/15/2020,Primo-inscription,9/15/2020,2,ee8b69185e2cb9705914156319785e5c1c970b6480317731c9f378ca14adb2fb
eculizumab,Maladie du spectre de la neuromyélite optique (NMOSD),https://www.has-sante.fr/jcms/p_3202348/fr/soliris#analyseEco,Extension d'indication,SOLIRIS,10/13/2020,Extension d'indication,10/13/2020,2,2eb6aaf0204612d01a695bf926affc35584ad913e7f9cece6e7760f9a49a2112
ribociclib,Cancer du sein (RH+/HER2-) localement avancé ou métastatique,https://www.has-sante.fr/jcms/p_3199713/fr/kisqali#analyseEco,Réévaluation,KISQALI,10/13/2020,Réévaluation,10/13/2020,2,df6ce77950da3a20f2843f715402cbae414eb051c855b6a05307013b84ed8337
tafamidis,Amylose cardiaque à transthyrétine (ATTR-CM),https://www.has-sante.fr/jcms/p_3212995/fr/vyndaqel#analyseEco,Primo-inscription,VYNDAQEL,11/17/2020,Primo-inscription,11/17/2020,2,602ac22c1e00029b77f213a5a909955eaedc7d6b7991f9f740cb81ab364bdf55
bulévirtide,Hépatite D,https://www.has-sante.fr/jcms/p_3224940/fr/hepcludex#analyseEco,Primo-inscription,HEPCLUDEX,12/15/2020,Primo-inscription,12/15/2020,2,f3e4ab256e7fe0dd1e5e45034240c42769eac2a529ad70bb17e2e8c7df0c8786
isatuximab,Myélome multiple en rechute et réfractaire,https://www.has-sante.fr/jcms/p_3223297/fr/sarclisa#analyseEco,Primo-inscription,SARCLISA,12/15/2020,Primo-inscription,12/15/2020,2,7798cfeba80123ef37617ab7ebef63711bc7aa0d2c09279886f35c9b927835ec
onasemnogene abeparvocec,Amyotrophie spinale (SMA),https://www.has-sante.fr/jcms/p_3224937/fr/zolgensma#analyseEco,Primo-inscription,ZOLGENSMA,12/15/2020,Primo-inscription,12/15/2020,2,b48774c7de86bc96a192f877d3ab1c93ae7cd17d474a21364b70f7954b5285ea
DM,Insuffisance cardiaques (IC),https://www.has-sante.fr/jcms/p_3267496/fr/cardiomems#analyseEco,Primo-inscription,CARDIOMEMS,1/12/2021,Primo-inscription,1/12/2021,2,1832aa8c0f9f7d8c6e8ec0db88304de39a47fa91a42f809275b18cc33bff1a35
elexacaftor/tezacaftor/ivacaftor,Mucoviscidose,https://www.has-sante.fr/jcms/p_3220388/fr/kaftrio-/-kalydeco#analyseEco,Primo-inscription,KAFTRIO,2/9/2021,Primo-inscription,2/9/2021,2,7939e26bec6e573fce65c31498c845d730da5c07bd43388c1bf2e7ff9e5ce80b
encorafénib,Cancer colorectal métastatique,https://www.has-sante.fr/jcms/p_3225446/fr/braftovi#analyseEco,Extension d'indication,BRAFTOVI,2/9/2021,Extension d'indication,2/9/2021,2,5cb09f5b9b0f3d258bafc162ca60c8990ab6b112df21fc9ef247a814041126bb
DM,Sténose aortique sévère symptomatique chez les patients à faible risque chirurgical,https://www.has-sante.fr/jcms/p_3244168/fr/sapien-3-modele-9600-tfx-bioprothese-valvulaire-aortique-avec-systeme-de-mise-en-place-edwards-commander#analyseEco,Extension d'indication,SAPIEN 3,3/9/2021,Extension d'indication,3/9/2021,2,c9f7062d8b8ce86d0cfeeb7e98e875ce3f121eed2a67ccaeba4c88b0ce739da6
acalabrutinib,Leucémie lymphoïde chronique (LLC),https://www.has-sante.fr/jcms/p_3265516/fr/calquence-acalabrutinib#analyseEco,Primo-inscription,CALQUENCE,4/13/2021,Primo-inscription,4/13/2021,2,f54d66ee8788ec0df275ad51fb42b49605e4150b4d67dfb729fbe6c2f3b3c97e
atezolizumab,Carcinome hépatocellulaire,https://www.has-sante.fr/jcms/p_3240699/fr/tecentriq-carcinome-hepatocellulaire-chc#analyseEco,Extension d'indication,TECENTRIQ,4/13/2021,Extension d'indication,4/13/2021,2,4aae6efc3420dadff1447c6ec12b876385323d61fffbbf6d8ebac6c28d2de67f
DM,Glioblastome,https://www.has-sante.fr/jcms/p_3275962/fr/optune#analyseEco,Primo-inscription,OPTUNE,4/13/2021,Primo-inscription,4/13/2021,2,4f06dcd48a6ddba6f67aea6eb4f44e17235d5ee23799e061db3ef21ca1d5dd58
DM,Sténose aortique sévère symptomatique chez les patients à faible risque chirurgical.,"https://www.has-sante.fr/jcms/p_3238888/fr/corevalve-evolut-r#analyseEco
 https://www.has-sante.fr/jcms/p_3238891/fr/corevalve-evolut-pro#analyseEco",Extension d'indication,COREVALVE  EVOLUT R et EVROLU PRO,5/11/2021,Extension d'indication,5/11/2021,2,94efac44c90b51ae91b2c155bf1a5dea8913f3957202516ae3df8d2339b04476
lumasiran,hyperoxalurie primitive de type 1,https://www.has-sante.fr/jcms/p_3266578/fr/oxlumo-94-5-mg/0-5-ml-lumasiran,Primo-inscription,OXLUMO,5/11/2021,Primo-inscription,5/11/2021,2,c0288ce4c2f6a3f1bc10920271f6fd50f86a8a5c7b10193c71bf67b03aad20b9
cellules autologues CD3+ transduites anti-CD19,Lymphome à cellules du manteau (LCM),https://www.has-sante.fr/jcms/p_3265892/fr/tecartus-cellules-autologues-cd3-transduites-anti-cd19#analyseEco,Primo-inscription,TECARTUS,6/8/2021,Primo-inscription,6/8/2021,2,282445f66b30b56c2199ffbef71e5d504b326d63614334b9ca36896a5bc5d1c4
ofatumumab,Sclérose en plaques récurrente (SEP-R),https://www.has-sante.fr/jcms/p_3270638/fr/kesimpta-ofatumumab,Primo-inscription,KESIMPTA,6/8/2021,Primo-inscription,6/8/2021,2,7ce0b5ba22346e88ea90536528f31151d6c0173ed0e9b638559850a987ef7382
dupilumab,Dermatite atopique (DA) – Enfant,https://www.has-sante.fr/jcms/p_3262655/fr/dupixent-dupilumab-dermatite-atopique-severe-enfant#analyseEco,Extension d'indication,DUPIXENT,7/6/2021,Extension d'indication,7/6/2021,2,0d0528c4b2fb0b89464cd6fc21e3df429b6b13fc7864e7f8e1f852dc0089fd6a
trastuzumab déruxtécan,Cancer du sein,https://www.has-sante.fr/jcms/p_3272596/fr/enhertu-trastuzumab-deruxtecan#analyseEco,Primo-inscription,ENHERTU,7/6/2021,Primo-inscription,7/6/2021,2,53c524d576f629f8f798f6716948e2f002355e8118673830d3dc914abfb7844c
tucatinib,Cancer du sein,https://www.has-sante.fr/jcms/p_3273459/fr/tukysa-tucatinib#analyseEco,Primo-inscription,TUKYSA,7/6/2021,Primo-inscription,7/6/2021,2,39e65cf5c9fe8560cac4e81d3c0f88a4a64c8a394b3ad937cfabe0efb5f6f145
risdiplam,Amyotrophie spinale (SMA),https://www.has-sante.fr/jcms/p_3289078/fr/evrysdi-0-75-mg/ml-risdiplam#videotoc_1_1,Primo-inscription,EVRYSDI,9/14/2021,Primo-inscription,9/14/2021,2,c6c53316f64ac83f2b21794cb1befb5221c34c04f6de04d682861ae036391987
vénétoclax,Leucémie aigüe myéloïde (LAM),https://www.has-sante.fr/jcms/p_3284614/fr/venclyxto-venetoclax-leucemie-aigue-myeloide#analyseEco,Extension d'indication,VENCLYXTO,9/28/2021,Extension d'indication,9/28/2021,2,34f69182c807a868bb54aa9e199934d9085f23fd48ef4e334919735fd2b22fcc
avélumab,Carcinome urothélial,https://www.has-sante.fr/jcms/p_3243896/fr/bavencio-carcinome-urothelial-avelumab#analyseEco,Extension d'indication,BAVENCIO,10/26/2021,Extension d'indication,10/26/2021,2,91c919db0b08d46bad89d5cf105dd7d0fe489d5ef0919ca022b681e17d6d7195
pembrolizumab,Cancer colorectal,https://www.has-sante.fr/jcms/p_3272286/fr/keytruda-pembrolizumab-cancer-colorectal-metastatique#analyseEco,Extension d'indication,KEYTRUDA,10/26/2021,Extension d'indication,10/26/2021,2,471af522d6e03f2c6f3e0d4cf2e21cd095b71def24f0a067b875b2898bce1d66
dapagliflozine,Maladie rénale chronique,https://www.has-sante.fr/jcms/p_3305327/fr/forxiga-dapagliflozine-maladie-renale-chronique#analyseEco,Extension d'indication,FORXIGA,11/9/2021,Extension d'indication,11/9/2021,2,a0e19668325082d967003869bd05faa3c6a3af4202ea0708ad7d0728956c3942
azacitidine orale,Leucémie aiguë myéloïde,https://www.has-sante.fr/jcms/p_3305324/fr/onureg-200-300-mg-azacitidine#analyseEco,Primo-inscription,ONUREG,11/15/2021,Primo-inscription,11/15/2021,2,8ec262b6239d5c0657c0274a200b51d4db28f75bb290a64737f29287ef1ac944
ldecabtagene vicleucel,Myélome multiple en rechute et réfractaire,https://www.has-sante.fr/jcms/p_3308681/fr/abecma-idecabtagene-vicleucel#analyseEco,Primo-inscription,ABECMA,11/23/2021,Primo-inscription,11/23/2021,2,9cb75bd79f1c2a1b347281528edf92e902fe09831ea6454463eb7e941db7837e
blinatumomab,Leucémie aiguë lymphoblastique,https://www.has-sante.fr/jcms/p_3312299/fr/blincyto-blinatumomab#analyseEco,Extension d'indication,BLINCYTO,12/14/2021,Extension d'indication,12/14/2021,2,f031b1d32b447367c18cd766c7e71c021691f54afc21709f327e77938fc6a379
cabozantinib,Carcinome à cellules rénales avancé chez l’adulte,https://www.has-sante.fr/jcms/p_3294121/fr/cabometyx-20-40-mg-cabozantinib-carcinome-a-cellules-renales-avance-en-association-au-nivolumab#analyseEco,Extension d'indication,CABOMETYX,12/14/2021,Extension d'indication,12/14/2021,2,eb516e7acdccdd343a63515a702bf529ce733f5e1fb320956f825d4536a619de
cemiplimab,Cancer bronchique non à petites cellules localement avancé ou mé-tastatique,https://www.has-sante.fr/jcms/p_3299037/fr/libtayo-350-mg-cemiplimab-cbnpc#analyseEco,Extension d'indication,LIBTAYO,12/14/2021,Extension d'indication,12/14/2021,2,529aeac6ab7b382c5c1f20f3efea2fa631b03fd116913179b36936f30206dc69
nivolumab,carcinome à cellules rénales avancé,https://www.has-sante.fr/jcms/p_3297501/fr/opdivo-10-mg/ml-nivolumab-carcinome-a-cellules-renales-avance-en-association-cabozantinib,Extension d'indication,OPDIVO,12/14/2021,Extension d'indication,12/14/2021,2,2220b2a9a772ceb9bb721f2d1b0af444c08cbe739b62b376843c46e873f0d48c
pembrolizumab,Lymphome de Hodgkin en rechute ou réfractaire,https://www.has-sante.fr/jcms/p_3289694/fr/keytruda-25-mg/ml-pembrolizumab-lymphome-de-hodgkin#analyseEco,Extension d'indication,KEYTRUDA,12/14/2021,Extension d'indication,12/14/2021,2,bd8e7afce69a1b4f72cd28726c33a9bfa30d96aa69be47f3ef4cfe94993b0386
pembrolizumab,Cancer de l’œsophage ou de l’adénocarcinome de la jonction gastro-œsophagienne,https://www.has-sante.fr/jcms/p_3313589/fr/keytruda-25-mg/ml-pembrolizumab#analyseEco,Extension d'indication,KEYTRUDA,2/1/2022,Extension d'indication,2/1/2022,2,b5c80ef3d86f33b584638803ac38265ad5adb06ff46c59c1f1ab92ea9b47f23d
osimertinib,Cancer bronchique non à petites cellules (CBNPC),https://www.has-sante.fr/jcms/p_3313529/fr/tagrisso-osimertinib-cancer-bronchique-non-a-petites-cellules-cbnpc,Extension d'indication,TAGRISSO,2/15/2022,Extension d'indication,2/15/2022,2,07db20c94a0d21a383c46e323719fadb07648f7a78fd33a2d31a271f8d65bf35
daratumumab,Amylose systémique à chaines légères (AL),https://www.has-sante.fr/jcms/p_3320599/fr/darzalex-daratumumab-amylose-systemique-a-chaines-legeres#analyseEco,Extension d'indication,DARZALEX,3/15/2022,Extension d'indication,3/15/2022,2,93945e5a64d0d0fcfb0e5203fc7dea4d2752c8c2dd9bbd769d0fa519a8593220
nivulimab,Cancer de l’œsophage ou de l’adénocarcinome de la jonction gastro-œsophagienne,https://www.has-sante.fr/jcms/p_3324307/fr/opdivo-nivolumab-cancer-oesophage-ou-jonction-oeso-gastrique#analyseEco,Extension d'indication,OPDIVO,3/15/2022,Extension d'indication,3/15/2022,2,532acf29f61011e87b44fdb1c22a167ac0950cd8dc0bb0eba64fdd9fd08c9dfb
pembrolizumab,Cancer du sein triple négatif localement récurrent non résécable ou métastatique,https://www.has-sante.fr/jcms/p_3338759/fr/keytruda-pembrolizumab-cancer-du-sein-triple-negatif#analyseEco,Extension d'indication,KEYTRUDA,3/15/2022,Extension d'indication,3/15/2022,2,331a889ef43de00a53648ef021f19169a3394799d265c969897489f49f6b2ef7
nivolumab,Mésothéliome pleural malin non résécable,https://www.has-sante.fr/jcms/p_3308678/fr/opdivo/yervoy-nivolumab/ipilimumab-mesotheliome-pleural-malin#videotoc_1_1,Extension d'indication,OPDIVO,3/29/2022,Extension d'indication,3/29/2022,2,13c562c3c24ab59fa96398d203e03f899e5a789307aab7e001f61db4130505d5
tafasitamab,Lymphome diffus à grandes cellules B en rechute ou réfractaire,https://www.has-sante.fr/jcms/p_3330896/fr/minjuvi-tafasitamab-lymphome#analyseEco,Primo-inscription,MINJUVI,4/12/2022,Primo-inscription,4/12/2022,2,745ca6338ae504c5e78beb8b20ce0a0f78dc7ac6067747cfa7d1f10687d8f5bb
ritonavir,COVID-19,https://www.has-sante.fr/jcms/p_3334227/fr/paxlovid-pf-07321332-/-ritonavir-covid-19#analyseEco,Primo-inscription,PAXLOVID,4/27/2022,Primo-inscription,4/27/2022,2,1b6ca0f86c60f3f3c1e28da501f4c6c129023a9e1e67304eb3577b121ba4267f
lenvatinib,Cancer de l'endomètre,https://www.has-sante.fr/jcms/p_3334582/fr/lenvima-lenvatinib-carcinome-endometrial#videotoc_1_1,Extension d'indication,LENVIMA,5/10/2022,Extension d'indication,5/10/2022,2,d58276ca792a476d5ac61312141cbfe82e35b1bb1b09bc3f63276f8effe3632f
pegcetacoplan,Hémoglobinurie paroxystique nocturne (HPN),https://www.has-sante.fr/jcms/p_3322084/fr/aspaveli-pegcetacoplan#analyseEco,Primo-inscription,ASPAVELI,5/10/2022,Primo-inscription,5/10/2022,2,d51d2a4f83cdbf25ba27c4edca7f7ff1a41af7bfd75dce2fc2d94e19392dcae0
pembrolizumab,Cancer de l'endomètre,https://www.has-sante.fr/jcms/p_3334585/fr/keytruda-pembrolizumab-cancer-de-l-endometre#analyseEco,Extension d'indication,KEYTRUDA,5/10/2022,Extension d'indication,5/10/2022,2,87edd628ce67667b12db491b9810813b4d5c1ac0f5309103c4e26b51d3956cb7
imlifidase,Désensibilisation des patients adultes hyperimmunisés en attente d’une transplantation rénale,https://www.has-sante.fr/jcms/p_3332338/fr/idefirix-imlifidase#analyseEco,Primo-inscription,IDEFIRIX,5/24/2022,Primo-inscription,5/24/2022,2,ae2302995f1e04d0193e9f7e3b4d1f58d15c0efebcc2b7d9858f3dd5b480a5e8
nivolumab,"Adénocarcinome gastrique, de la jonction oeso-gastrique ou de l’œsophage",https://www.has-sante.fr/jcms/p_3334854/fr/opdivo-nivolumab-adenocarcinome-gastrique-de-la-jonction-oeso-gastrique-ou-de-l-oesophage,Extension d'indication,OPDIVO,6/7/2022,Extension d'indication,6/7/2022,2,0009b96525c5c120cfd860e71cb0980c1686cb01b8471e7bdef4b6bbcaf1b8a2
lenvatinib,Carcinome rénal,https://www.has-sante.fr/jcms/p_3324073/fr/kisplyx-lenvatinib#analyseEco,Primo-inscription,KISPLYX,7/5/2022,Primo-inscription,7/5/2022,2,e3c4d9c7778d862596b6a8d1ceaff20722f4f233d0b23624ffe26284545fc8fb
sacituzumab govitecan,Cancer du sein triple négatif non résécable ou métastatique,https://www.has-sante.fr/jcms/p_3341351/fr/trodelvy-sacituzumab-govitecan-cancer-du-sein-triple-negatif#analyseEco,Primo-inscription,TRODELVY,7/5/2022,Primo-inscription,7/5/2022,2,41ea2e4557d903946d111f3bbd983a8ce6940f7c8a56625816f4de8210f0f4c7
riprétinib,Tumeur stromale gastro-intestinale (GIST) avancée,https://www.has-sante.fr/jcms/p_3324543/fr/qinlock-ripretinib-gist,Primo-inscription,QINLOCK,7/19/2022,Primo-inscription,7/19/2022,2,9cc5142d202febcd3470d2d5be058800c19dc27b6f1708b3f90a5779db86ae6f
sotrovimab,COVID-19,https://www.has-sante.fr/jcms/p_3344400/fr/xevudy-sotrovimab-covid-19,Primo-inscription,XEVUDY,7/19/2022,Primo-inscription,7/19/2022,2,8ec4ff930ecde71c1fd9aefef7d087108226305f9f9bcc2e8b56b8b3994e5580
nivolumab,Cancer urothélial infiltrant le muscle à haut risque de récidive,https://www.has-sante.fr/jcms/p_3382948/fr/opdivo-nivolumab-carcinome-urothelial-infiltrant-le-muscle-cuim#analyseEco,Extension d'indication,OPDIVO,8/30/2022,Extension d'indication,8/30/2022,2,58fdad4f692ffd8abc3dd66dd84d2c4f0042b7338e80351d6fc45969d207edaa
tixagevimab/cilgavimab,COVID-19,https://www.has-sante.fr/jcms/p_3352197/fr/evusheld-tixagevimab/cilgavimab-covid-19#analyseEco,Primo-inscription,EVUSHELD,8/30/2022,Primo-inscription,8/30/2022,2,b85546b3b82e9527344cb657ff8696fb38a98bf539255322b10390267c3e5df3
elexacaftor/tezacaftor/ivacaftor,Mucoviscidose,https://www.has-sante.fr/jcms/p_3343179/fr/kaftrio-elexacaftor/-ivacaftor/-tezacaftor-mucoviscidose#analyseEco,Extension d'indication,KAFTRIO,10/11/2022,Extension d'indication,10/11/2022,2,5844d9069dbe62ce39f9e9cb3a3e7b087019df5b91933ed702ddd3d1fd23ca33
enfortumab vedotin,Carcinome urothélial localement avancé ou métastatique,https://www.has-sante.fr/jcms/p_3396009/fr/padcev-enfortumab-vedotine-cancer-urothelial#analyseEco,Extension d'indication,PADCEV,10/11/2022,Extension d'indication,10/11/2022,2,5d08e4415e83d4712bae2580ea88b43cd36d980ec9b6442d7067057c6cb1045a
pembrolizumab,"Cancer du col de l’utérus persistant, récidivant ou métastatique",https://www.has-sante.fr/jcms/p_3374922/fr/keytruda-pembrolizumab-cancer-du-col-de-l-uterus#analyseEco,Extension d'indication,KEYTRUDA,10/11/2022,Extension d'indication,10/11/2022,2,4846989488e4abd84f3a5d8e98143d19e3815befb475e0d3bc7bb89cbaf4a2c6
nivolumab,Carcinome épidermoïde de l’œsophage avancé,https://www.has-sante.fr/jcms/p_3386214/fr/opdivo-nivolumab-cancer-de-l-oesophage,Extension d'indication,OPDIVO,11/8/2022,Extension d'indication,11/8/2022,2,a580ef758a010ad95cd3494265ba7a3ff7f4130415cbba56ced52e5b7aac776f
ruxolitinib,Maladie du greffon contre l’hôte,https://www.has-sante.fr/jcms/p_3382742/fr/jakavi-ruxolitinib-maladie-du-greffon-contre-l-hote-aigue,Extension d'indication,JAKAVI,11/22/2022,Extension d'indication,11/22/2022,2,2054cf2d229ac31b328c0d5028dc2582033eccf3580252367ecb82e12e9bf5fc
ciltacabtagene autoleucel,Myélome multiple,https://www.has-sante.fr/jcms/p_3392179/fr/carvykti-ciltacabtagene-autoleucel-myelome-multiple#analyseEco,Primo-inscription,CARVIKTY,12/13/2022,Primo-inscription,12/13/2022,2,d0664feb6dde0ef8397e7f226ecfffd891d946167c45917c6982e18df14473b9
pembrolizumab,Mélanome,https://www.has-sante.fr/jcms/p_3395770/fr/keytruda-pembrolizumab-melanome-de-stade-iib-iic-ou-iii#analyseEco,Extension d'indication,KEYTRUDA,12/13/2022,Extension d'indication,12/13/2022,2,3ef5c9a6de0651e09968a2623e3ae0a2ce85e4daabf01e60ca314c89588e4aaf
semaglutide,Obésité,https://www.has-sante.fr/jcms/p_3398698/fr/wegovy-semaglutide-obesite,Primo-inscription,WEGOVY,12/13/2022,Primo-inscription,12/13/2022,2,cdd64b7034df781e5553e0ea896e2c494c363f9ba455f3bf5e4b82b54d8a285c
tisagenlecleucel,Lymphome folliculaire en rechute ou réfractaire,https://www.has-sante.fr/jcms/p_3396024/fr/kymriah-tisagenlecleucel-lymphome-folliculaire#analyseEco,Extension d'indication,KYMRIAH,12/13/2022,Extension d'indication,12/13/2022,2,062d04804fc0d455fd28fc6b3368912d6b3cfa44c1173f79b42f51661624096f
PF-07321332/ritonavir,COVID-19,https://www.has-sante.fr/jcms/p_3334227/fr/paxlovid-pf-07321332-/-ritonavir-covid-19#analyseEco,Primo-inscription,PAXLOVID,1/17/2023,Primo-inscription,1/17/2023,2,02ea62836a6743e9fc867bf1fbd90efc1912669ae56bcb1fa4bd53eb2cf835e5
asciminib,Leucémie myéloïde chronique chromosome Philadelphie positive en phase chronique,https://www.has-sante.fr/jcms/p_3396012/fr/scemblix-asciminib-leucemie-myeloide-chronique#analyseEco,Primo-inscription,SCEMBLIX,2/14/2023,Primo-inscription,2/14/2023,2,f9000f5efbe3b801428b2ddb29f6f015e75ba52ce360590ca0fa409d299f4731
olipudase alfa,Déficit en sphingomyélinase acide de type B et A/B,https://www.has-sante.fr/jcms/p_3396519/fr/xenpozyme-olipudase-alfa-maladie-rare#analyseEco,Primo-inscription,XENPOZYME,2/28/2023,Primo-inscription,2/28/2023,2,2b06b5020bd6e4111e55d6211848025f4ed193416b2a7da02a64e7b33afcb194
tixagevimab/ cilgavimab,COVID-19,https://www.has-sante.fr/jcms/p_3392499/fr/evusheld-tixagevimab/cilgavimab-covid-19#analyseEco,Extension d'indication,EVUSHELD,3/14/2023,Extension d'indication,3/14/2023,2,b1a58ae9a78c5f1f5c18669625d89c8c1f335a52a027406a7a3858181d4810c9
pembrolizumab,Carcinome à cellules rénales,https://www.has-sante.fr/jcms/p_3409403/fr/keytruda-pembrolizumab-carcinome-a-cellule-renale#analyseEco,Extension d'indication,KEYTRUDA,3/28/2023,Extension d'indication,3/28/2023,2,d7d906ab05e91c9eff2f75bf2530899eb50ce7b05e29d3019857c99386604772
efgartigimod alfa,Myasthénie auto-immune généralisée,https://www.has-sante.fr/jcms/p_3402357/fr/vyvgart-efgartigimod-alfa-myasthenie#analyseEco,Primo-inscription,VYVGART,4/11/2023,Primo-inscription,4/11/2023,2,df110f170afa2a7002d35d56955159977155b159dd911884c077919a8fba98c9
pembrolizumab,Cancer du sein triple négatif localement avancé ou de stade précoce,https://www.has-sante.fr/jcms/p_3396878/fr/keytruda-pembrolizumab-cancer-du-sein-triple-negatif#analyseEco,Extension d'indication,KEYTRUDA,4/25/2023,Extension d'indication,4/25/2023,2,88f5e1c40f9136284aefc47c742bf30c8d7e4d995b26fadb7acb3453affc1d57
vutrisiran,Amylose héréditaire à transthyrétine,https://www.has-sante.fr/jcms/p_3402366/fr/amvuttra-vutrisiran-amylose-hereditaire-a-transthyretine#analyseEco,Primo-inscription,AMVUTTRA,4/25/2023,Primo-inscription,4/25/2023,2,495ca83bb76104463a300d77b8bd57788e5b56788021a9feccfa63c86520cc8a
ravulizumab,Myasthénie Acquise généralisée (MAg),https://www.has-sante.fr/jcms/p_3419442/fr/ultomiris-ravulizumab-myasthenie-acquise-generalisee-mag#analyseEco,Extension d'indication,ULTOMIRIS,5/9/2023,Extension d'indication,5/9/2023,2,5a9d27df9416034537d1ea85cc11dfb7bb168ddb6907e6b922f02d19cf5f9d81
olaparib,Cancer du sein precoce à haut risque HER2 négatif,https://www.has-sante.fr/jcms/p_3411344/fr/lynparza-olaparib-cancer-du-sein-precoce-a-haut-risque-her2-negatif#analyseEco,Extension d'indication,LYNPARZA,6/6/2023,Extension d'indication,6/6/2023,2,1cce884f50ad3f257b1800ad50b8058688455a54d7f54c77959e84b06f36667d
trastuzumab déruxtécan,Cancer du sein HER2 positif,https://www.has-sante.fr/jcms/p_3424347/fr/enhertu-trastuzumab-deruxtecan-cancer-du-sein-her2#analyseEco,Extension d'indication,ENHERTU,6/20/2023,Extension d'indication,6/20/2023,2,bfdf08465458781d07b1346560f96e06529846a713b0fd2297cfbf08db3b7228
lutetium [177Lu] vipivotide tetraxetan,Cancer de la prostate métastatique résistant à la castration (CPRCm),https://www.has-sante.fr/jcms/p_3443283/fr/pluvicto-lutecium-177lu-vipivotide-tetraxetan-cancer-de-la-prostate#analyseEc,Primo-inscription,PLUVICTO,7/18/2023,Primo-inscription,7/18/2023,2,403b59876e18691feded5db0dcb969a65786fe26c5b4a10321dd25bed2539d1f
axicabtagene-ciloleucel,Lymphome diffus à grandes cellules B (LDGCB) et de lymphome à cellules B de haut grade (LHGCB),https://www.has-sante.fr/jcms/p_3419176/fr/yescarta-axicabtagene-ciloleucel-lymphome-diffus-a-grandes-cellules-b-ldgcb-et-lymphome-de-haut-grade-a-cellules-b-lhgcb,Extension d'indication,YESCARTA,8/29/2023,Extension d'indication,8/29/2023,2,525e7b171e8332807ac1f5d5445cf145c508899f7f401c0ef9d78fcae1c7323b
dupilumab,Prurigo nodulaire,https://www.has-sante.fr/jcms/p_3427722/fr/dupixent-dupilumab-prurigo-nodulaire-pn#analyseEco,Extension d'indication,DUPIXENT,8/29/2023,Extension d'indication,8/29/2023,2,61add1888aa3043355caee2f501d4bd0773ac4d83681e67d1b050aa8bce93284
maribavir,Infection et/ou d’une maladie à cytomégalovirus (CMV) post-greffe,https://www.has-sante.fr/jcms/p_3419170/fr/livtencity-maribavir-cmv#analyseEco,Primo-inscription,LIVTENCITY,8/29/2023,Primo-inscription,8/29/2023,2,3f7c443e5a4b24b10eeecb7761617227dba733a7067065f4b2bc541d72c85e8b
tabelecleucel,Lymphome prolifératif post-transplantation positif au virus d’Epstein-Barr récidivante ou réfractaire,https://www.has-sante.fr/jcms/p_3451087/fr/ebvallo-tabelecleucel-hemopathie-maligne#analyseEco,Primo-inscription,EBVALLO,9/26/2023,Primo-inscription,9/26/2023,2,8920ebace5ba1a38e37b2a6e219ff105d0afdbb91c4bc2223ffd9677ea610d90
"élasoméran, élasomeran/davésomeran et andusoméran",COVID-19,https://www.has-sante.fr/jcms/p_3466353/fr/spikevax-elasomeran-/-davesomeran-/-andusomeran-covid-19#analyseEco,Primo-inscription,SPIKEVAX,10/10/2023,Primo-inscription,10/10/2023,2,743831383f28ac19b6eac324d32e012b8c0b7558cfc3dbf18be090540c30a1d1
onasemnogene abeparvovec,Amyotrophie spinale chez des patients présymptomatiques avec une délétion bi-allélique du gène SMN1 et jusqu’à 3 copies du gène SMN2,https://www.has-sante.fr/jcms/p_3442932/fr/zolgensma-onasemnogene-abeparvovec-amyotrophie-spinale#analyseEco,Primo-inscription,ZOLGENSMA,11/21/2023,Primo-inscription,11/21/2023,2,e75e766a2360b9fa092ea47e9a9f00563aa1fef84e216af7f0f2836fafeb6721
trastuzumab déruxtécan,Cancer du sein HER2-faible,https://www.has-sante.fr/jcms/p_3444788/fr/enhertu-trastuzumab-deruxtecan-cancer-du-sein-her2-faible#analyseEco,Extension d'indication,ENHERTU,11/21/2023,Extension d'indication,11/21/2023,2,8396f2a8342e199882f8c95a4572b056525f55ad4a5eed78767dde71e8b4d1c7
lisocabtagene maraleucel ou liso-cel,"Lymphome diffus à grandes cellules B (LDGCB), lymphome B de haut grade (LBHG), lymphome médiastinal primitif à grandes cellules B (LMPGCB) ou lymphome folliculaire de grade 3B (LF3B",https://www.has-sante.fr/jcms/p_3465836/fr/breyanzi-lisocabtagene-maraleucel-lymphome-diffus-a-grandes-cellules-b-ldgcb-lymphome-de-haut-grade-a-cellules-b-lhgcb-lymphome-mediastinal-primitif-a-grandes-cellules-b-lmpgcb-et-lymphome-folliculaire-de-grade-3b-lf3b#analyseEco,Primo-inscription,BREYANZI,12/19/2023,Primo-inscription,12/19/2023,2,7ca0dab90c3b06f2b600523a5090ce6cf0c1af537a8377498ab6325067afefa1
darolutamide,Cancer de la prostate hormonosensible métastatique (CPHSm),https://www.has-sante.fr/jcms/p_3477070/fr/nubeqa-darolutamide-cancer-de-la-prostate-hormonosensible-metastatique-cphsm#analyseEco,Extension d'indication,NUBEQA,1/23/2024,Extension d'indication,1/23/2024,2,b8bcaed50e85db7f32ca8382e2b45ba539ea12106be9003cdc2ff09607d50b51
V114,"Infections invasives, pneumonie et otite moyenne aiguë causées par Streptococcus",https://www.has-sante.fr/jcms/p_3468559/fr/vaxneuvance-vaccin-pneumococcique-polyosidique-conjugue-15-valent-adsorbe-streptococcus-pneumoniae-de-6-semaines-a-moins-de-18-ans#analyseEco,Extension d'indication,VAXNEUVANCE,1/23/2024,Extension d'indication,1/23/2024,2,96a5cb401767585fca1bbc4cbb6245ef937bbcdac45b21b66aa863fbec81a505
ivosidénib,Leucémie aiguë myéloïde (LAM),https://www.has-sante.fr/jcms/p_3467526/fr/tibsovo-ivosidenib-leucemie-aigue-myeloide-lam#analyseEco,Primo-inscription,TIBSOVO,2/6/2024,Primo-inscription,2/6/2024,2,2497b1fb195b4c0c6b401d8dea6baf74d97d5f98e6f33847863566a7e5e71747
tranacogene dezaparvovec,Hémophilie B sévère et modérément sévère​,https://www.has-sante.fr/jcms/p_3460133/fr/hemgenix-etranacogene-dezaparvovec-hemophilie-b#analyseEco,Primo-inscription,HEMGENIX,2/6/2024,Primo-inscription,2/6/2024,2,fe9f079d11c74b17abe2b761f3e65831cafeb958e2de5bd4124c73ba19af739f
mavacamten,Cardiomyopathie hypertrophique obstructive (CMHo),https://www.has-sante.fr/jcms/p_3470375/fr/camzyos-mavacamten-cardiomyopathie-hypertrophique-obstructive#analyseEco,Primo-inscription,CAMZYOS,2/20/2024,Primo-inscription,2/20/2024,2,e90b36bb9622767dd88f35a4a343c468a658b387acf5e74a57442407c9ace435
valoctocogene roxaparvovec),Hémophilie A congénitale sévère,https://www.has-sante.fr/jcms/p_3461362/fr/roctavian-valoctocogene-roxaparvovec-hemophilie-a#videotoc_1_1,Primo-inscription,ROCTAVIAN,3/5/2024,Primo-inscription,3/5/2024,2,d39ecb487b51285dd1b2d1b7f0def0412562bb6e8e89873179dc35edf5b7e4c6
DM,Diabète de type 1,https://www.has-sante.fr/jcms/p_3496700/fr/omnipod-5-pompe-a-insuline-et-controleur-omnipod-5-systeme-de-mesure-du-glucose-interstitiel-dexcom-g6#analyseEco,Primo-inscription,OMNIPOD 5,3/19/2024,Primo-inscription,3/19/2024,2,e768fb2a96a1a927bed4b61e59e0fac1dfdaa804ac99c48bb1bfba2af2fcf851
nivolumab,Cancer bronchique non à petites cellules,https://www.has-sante.fr/jcms/p_3471682/fr/opdivo-nivolumab-cbnpc-cancer-bronchique-non-a-petites-cellules#analyseEco,Extension d'indication,OPDIVO,3/19/2024,Extension d'indication,3/19/2024,2,77c39133ad0b4c72477b998ebdee12e870378a8f3b5065f82d5835a8782ab3e5
protéine Spike de SARS-CoV-2 et un adjuvant Matrix-M,COVID-19,https://www.has-sante.fr/jcms/p_3501621/fr/nuvaxovid-proteine-spike-de-sars-cov-2-et-un-adjuvant-matrix-m-covid-19#analyseEco,Primo-inscription,NUVAXOVID,4/16/2024,Primo-inscription,4/16/2024,2,d0ae81c090954b54720adfc853eb8838a0d453214d2fb1e5022a6dedb98099c0
sacituzumab govitecan,Cancer du sein (RH+/HER2-) non résécable ou métastatique,https://www.has-sante.fr/jcms/p_3490834/fr/trodelvy-sacituzumab-govitecan-cancer-du-sein#analyseEco,Extension d'indication,TRODELVY,4/30/2024,Extension d'indication,4/30/2024,2,05e70c45ebc3cd6c92cd7ed107e12969b02457c19149ddaf2486bf4679ba2f15
"Vaccin zona (recombinant, avec adjuvant)",Zona et névralgies post-zostériennes (NPZ),https://www.has-sante.fr/jcms/p_3511387/fr/shingrix-vaccin-zona-recombinant-avec-adjuvant-vaccin-zona#analyseEco,Extension d'indication,SHINGRIX,5/28/2024,Extension d'indication,5/28/2024,2,210d349f1dafaa85aa3e27c0be37eb798a4fe694e1606a6bbc87b246936e894d
DM,Pathologies cardiaques entrainant une FEVG ≤ 35%,https://www.has-sante.fr/jcms/p_3524695/en/lifevest-4000#analyseEco,Renouvellement,LIFEVEST 4000,6/25/2024,Renouvellement,6/25/2024,2,016e920ecb23e5f223c1abd9da046ba51ba1e0aed26bb7fbd758bc0f2339fc4e
agamglogene autotemcel,Drépanocytose sévère,https://www.has-sante.fr/jcms/p_3541918/fr/casgevy-exagamglogene-autotemcel-drepanocytose-severe-chez-les-patients-ages-de-plus-de-12-ans#analyseEco,Primo-inscription,CASGEVY,7/16/2024,Primo-inscription,7/16/2024,2,9db13773af1be5302311501d56d471e7574bb08fcd9d17bc1cf05e9540ff6483
VACCIN RSVpreF 120 µG,Maladie des voies respiratoires inférieures causée par le virus respiratoire syncytial (VRS) chez les nourrissons,https://www.has-sante.fr/jcms/p_3535401/fr/abrysvo-vaccin-du-virus-respiratoire-syncytial-bivalent-recombinant-virus-respiratoire-syncytial-vrs-chez-les-nourrissons,Primo-inscription,ABRYSVO,7/16/2024,Primo-inscription,7/16/2024,2,bdd5467bfb67bab5c1e23654c8431c8a339b29d6e76c40762571e6d1bb3fe45a
omaveloxolone,Ataxie de Friedreich (AF),https://www.has-sante.fr/jcms/p_3542845/fr/skyclarys-omaveloxolone-ataxie-de-friedreich#analyseEco,Primo-inscription,SKYCLARYS,9/17/2024,Primo-inscription,9/17/2024,2,534240e9bc7018d1bd05a4d448790c93b332a8ac7a6dff4f6e2090cc723e3d55
DM,Diabète de type 1,https://www.has-sante.fr/jcms/p_3514595/fr/systeme-minimed-780g-associe-au-systeme-de-mesure-en-continu-du-glucose-interstitiel-guardian-4#analyseEco,Extension d'indication,Système MiniMed 780G,10/15/2024,Extension d'indication,10/15/2024,2,e0c027053703e18f92b8bfd18508b4936192a797515e4e4f31a1dfc26ed17c1a
tipiracil/trifluridine,Cancer colorectal métastatique (CCRm),https://www.has-sante.fr/jcms/p_3540254/fr/lonsurf-trifluridine/tipiracil-cancer-colorectal#analyseEco,Extension d'indication,LONSURF,10/15/2024,Extension d'indication,10/15/2024,2,acdb7b9312093aa82e1ccf1a883c0ba89eec7819a086ae8a11e9fefc906a98ad
iptacopan,Hémoglobinurie paroxystique nocturne (HPN) avec anémie hémolytique,https://www.has-sante.fr/jcms/p_3560827/fr/fabhalta-iptacopan-hemoglobinurie-paroxystique-nocturne-hpn#analyseEco,Primo-inscription,FABHALTA,12/5/2024,Primo-inscription,12/5/2024,2,61d272ea3ed415a718adb4effca30b73e4f25d085361634fd71a09e0b38eba18
exagamglogene autotemcel,β-thalassémie dépendante des transfusions (TDT),https://www.has-sante.fr/jcms/p_3545557/fr/casgevy-exagamglogene-autotemcel-ss-thalassemie-dependante-des-transfusions-tdt#analyseEco,Primo-inscription,CASGEVY,12/10/2024,Primo-inscription,12/10/2024,2,f69c0565e04ef18dae56a7eefd181a6a0d86b42d9f12ec4e374a93dfa68426e3
Dostarlimab,Cancer de l’endomètre (CE),https://www.has-sante.fr/jcms/p_3578491/fr/jemperli-dostarlimab-cancer-de-l-endometre#analyseEco,Primo-inscription,JEMPERLI,1/14/2025,Primo-inscription,1/14/2025,2,57a149e3ed0ab5542c26f156d7bc73e4ee008ceb2b6fa1ff6c65ebfe5eff5594
dupilumab,Bronchopneumopathie chronique obstructive (BPCO),https://www.has-sante.fr/jcms/p_3556159/fr/dupixent-dupilumab-bronchopneumopathie-chronique-obstructive-bpco#analyseEco,Extension d'indication,DUPIXENT,1/14/2025,Extension d'indication,1/14/2025,2,ab4d9014babfec0f8bf83ebc954e5cbe6c66b551f8bf5a6bcdbb5295b789e743
atidarsagène automcel,Leucodystrophie métachromatique chez l’enfanT,https://www.has-sante.fr/jcms/p_3555789/fr/libmeldy-atidarsagene-autotemcel-leucodystrophie-metachromatique-ldm#analyseEco,Primo-inscription,LIBMELDY,2/11/2025,Primo-inscription,2/11/2025,2,b345a4e176294f8b68c42fd27334db925afe717eb4354da0dfd5f3fde870b95e
ublituximab,Sclérose en plaques récurrente (SEP-R),https://www.has-sante.fr/jcms/p_3578966/fr/briumvi-ublituximab-sclerose-en-plaques#analyseEco,Primo-inscription,BRIUMVI,2/11/2025,Primo-inscription,2/11/2025,2,55165fe1187f3ef61a95b79a3ae49756427ee7260d6033e1cf1d63dad969f7a2
enfortumab vedotin,carcinome urothélial,https://www.has-sante.fr/jcms/p_3589932/fr/padcev-enfortumab-vedotin-carcinome-urothelial#analyseEco,Extension d'indication,PADCEV,3/11/2025,Extension d'indication,3/11/2025,2,6b650b345debd4a3126821a102b6466f1c2f78e822439558c4705b4c4bacfdad
sotatercept,Hypertension artérielle pulmonaire (HTAP),https://www.has-sante.fr/jcms/p_3606289/fr/winrevair-sotatercept-hypertension-arterielle-pulmonaire-htap#analyseEco,Primo-inscription,WINREVAIR,3/11/2025,Primo-inscription,3/11/2025,2,ec8de57d4137b99cf9f028fb54791f338e8faf18e0c323faa8356b3de0c420b8
amivantamab,"Cancer bronchique non à petites cellules (exon 19, exon 21)",https://www.has-sante.fr/jcms/p_3604202/fr/rybrevant-amivantamab-cancer-bronchique-non-a-petites-cellules-exon-19-exon-21#analyseEco,Extension d'indication,RYBREVANT,4/8/2025,Extension d'indication,4/8/2025,2,9e44c0761bfe20aed51c7add702cbb58cc8c285fdf65bf6866e3d334369ca119
Vaccin grippal trivalent inactivé à haute dose,Grippe,https://www.has-sante.fr/jcms/p_3606853/fr/efluelda-vaccin-antigrippal-trivalent-inactive-a-virion-fragmente-60-g-ha/souche-vaccin-antigrippal#analyseEco,Primo-inscription,EFLUELDA,4/15/2025,Primo-inscription,4/15/2025,2,d83b8702e94e5c698e0a8a9e5cf67ec605562ddd747cf048b1f64d4f5e7aab87
vaccin à ARNm,COVID-19,https://www.has-sante.fr/jcms/p_3809128/fr/comirnaty-vaccin-a-arnm-a-nucleoside-modifie-contre-la-covid-19-covid-19-chez-les-patients-ages-de-6-mois-et-plus#analyseEco,Primo-inscription,COMIRNATY,5/6/2025,Primo-inscription,5/6/2025,2,fcc186aa2ffe21b60cc8fc36c67c6b8275c3091d1ddb002a586f9e0250d33e14
mirvetuximab soravtansine,Cancer de l'ovaire,https://www.has-sante.fr/jcms/p_3601719/fr/elahere-mirvetuximab-soravtansine-cancer-de-l-ovaire#analyseEco,Primo-inscription,ELAHERE,6/3/2025,Primo-inscription,6/3/2025,2,1c3ec303feeccd346d7af34e4b05afe0b80d8578f1cf4431f898dc68717584a9
dostarlimab,Cancer de l’endomètre (CE),https://www.has-sante.fr/jcms/p_3639405/fr/jemperli-dostarlimab-cancer-de-l-endometre#analyseEco,Extension d'indication,JEMPERLI,7/1/2025,Extension d'indication,7/1/2025,2,8ce9acdf28e387526dd332da95520a26b366f49a2f8ab71e60b1ed9c4923e6c5
"vaccin papillomavirus humain 9-valent, recombinant, adsorbé",Papillomavirus Humains (HPV),https://www.has-sante.fr/jcms/p_3634549/fr/gardasil-9-vaccin-papillomavirus-humain-9-valent-recombinant-adsorbe-vaccin-hpv#analyseEco,Extension d'indication,GARDASIL9,7/1/2025,Extension d'indication,7/1/2025,2,6302ec9179c45f4021e74ce2978896d35c0901223088dd6a8dca90a42b753751
sémaglutide,Obésité,https://www.has-sante.fr/jcms/p_3562976/fr/wegovy-semaglutide-obesite#analyseEco,Primo-inscription,WEGOVY,7/15/2025,Primo-inscription,7/15/2025,2,16199d55010d9dd14b77960f1d6340cba8c4e6688d20343e0852d50abdd60915
ciltacabtagene autoleucel,Myélome multiple,https://www.has-sante.fr/jcms/p_3639814/fr/carvykti-ciltacabtagene-autoleucel-myelome-multiple#analyseEco,Primo-inscription,CARVYKTI,9/9/2025,Primo-inscription,9/9/2025,2,b6d14517f6d893e359c659c8d2e5d1ed44c9921f324bfe38726a0a1bda6bb323
blinatumomab,Leucémie aiguë lymphoblastique (LAL) à précurseurs B,https://www.has-sante.fr/jcms/p_3635785/fr/blincyto-blinatumomab-leucemie-aigue-lymphoblastique-lal#analyseEco,Extension d'indication,BLINCYTO,10/7/2025,Extension d'indication,10/7/2025,2,52d4a85b8a08d73015938a4a5dcef1640cd24c466de2eba8cc78a5e2dd0637da
amivantamab en assoication au lazertinib,"Cancer bronchique non à petites cellules (exon 19, exon 21)",https://www.has-sante.fr/jcms/p_3639093/fr/rybrevant-/-lazcluze-amivantamab-/-lazertinib-cancer-bronchique-non-a-petites-cellules-cbnpc#analyseEco,Extension d'indication,RYBREVANT en association à LAZCLUZE,11/4/2025,Extension d'indication,11/4/2025,2,b663364f031672d3abc994c0c71056a0e154a44e77f459441e820d72b2be1153
DM,Sténose aortique sévère symptomatique,https://www.has-sante.fr/jcms/p_3807255/fr/evolut-pro#analyseEco,Renouvellement,EVOLUT PRO+ et EVOLUT FX,11/4/2025,Renouvellement,11/4/2025,2,2d7058843c065cc26bf954766de6341fbcbf4a9fb76cc5cb93ed881b48ebd5b7
durvalumab,Cancer bronchique à petites cellules de stade limite,https://www.has-sante.fr/jcms/p_3809520/fr/imfinzi-durvalumab-cancer-bronchique-a-petites-cellules-de-stade-limite-cbpc-sl#analyseEco,Extension d'indication,IMFINZI,11/25/2025,Extension d'indication,11/25/2025,2,51d2d844946a5f0af14ced72c3f88744f3360256f74b3e5abb4a45fcb09129c3
ivacaftor/tezacaftor/elexacafto,Mucoviscidose,https://www.has-sante.fr/jcms/p_3685915/fr/kaftrio-ivacaftor/tezacaftor/elexacaftor-/-kalydeco-ivacaftor-mucoviscidose-chez-les-patients-ages-de-2-ans-et-plus#analyseEco,Extension d'indication,KAFTRIO KALYDECO,11/25/2025,Extension d'indication,11/25/2025,2,925e96839f6e1ec6284a40bb769f4696efb54f379c41b9a25406d468afdc7bd7
DM,Cardiologie interventionnelle,https://www.has-sante.fr/jcms/p_3633260/fr/triclip-g4#analyseEco,Primo-inscription,TriClip™ G4,12/9/2025,Primo-inscription,12/9/2025,2,17300836f1cfddafb33acc6cb220829b8ecfb50254c33651e7943b59761cda17
(nivolumab/iplimumab,Cancer colorectal,https://www.has-sante.fr/jcms/p_3700080/fr/opdivo/yervoy-nivolumab/ipilimumab-cancer-colorectal-crc#analyseEco,Extension d'indication,OPDIVO/YERVOY,1/13/2026,Extension d'indication,1/13/2026,2,a74bdb0181631e9701ace074ef3987afddffbf7d4df38c4a08af72e94fdfab4c
glofitamab,Lymphome diffus à grandes cellules B,https://www.has-sante.fr/jcms/p_3701929/fr/columvi-glofitamab-lymphome-diffus-a-grandes-cellules-b-non-specifie-ldgcb-nos#analyseEco,Extension d'indication,COLUMVI,1/13/2026,Extension d'indication,1/13/2026,2,ee2a09ed35f696622811f4c132a254315ce808f65873a4c49d527cf1f4ec8329
bérémagène géperpavec,Epidermolyse bulleuse dystrophique,https://www.has-sante.fr/jcms/p_3704146/fr/vyjuvek-beremagene-geperpavec-epidermolyse-bulleuse-dystrophique-des-la-naissance#analyseEco,Primo-inscription,VYJUVEK,2/10/2026,Primo-inscription,2/10/2026,2,82b88fbb1a5932bcee72e9d74e934caa21651c196ab5eb1ce6c10d458919e456
mirvetuximab soravtansine,Cancer de l’ovaire,https://www.has-sante.fr/jcms/p_4174812/fr/elahere-mirvetuximab-soravtansine-cancer-de-l-ovaire#analyseEco,Primo-inscription,ELAHERE,2/10/2026,Primo-inscription,2/10/2026,2,3dcc7669395be539e8e40a1b5d3723dd51f423e09bfadddd12fd56d0e712825d
durvalumab,Tumeur résécable de la vessie infiltrant le muscle (TVIM),https://www.has-sante.fr/jcms/p_3859386/fr/imfinzi-durvalumab-cancer-de-la-vessie-tvim,Extension d'indication,IMFINZI,4/7/2026,Extension d'indication,4/7/2026,2,c3dc4af59087f3b8fceb31ab4f3f61aacb7e805238d641e5032eb1e9690a71dc
Vorasidenib,Gliomes diffus (astrocytome ou oligodendrogliome) de grade 2,https://www.has-sante.fr/jcms/p_3892574/fr/voranigo-vorasidenib-astrocytome-et-oligodendrogliome-chez-l-adulte-et-l-adolescent-age-de-12-ans-et-plus#analyseEco,Primo-inscription,VORANIGO,4/7/2026,Primo-inscription,4/7/2026,2,2ca9cfd170b4c4eaeaa7ba960d91bafd47f8d38da324298ca1f6e2c5b6894bc5
vimseltinib,Tumeur ténosynoviale à cellules géantes (TGCT),https://www.has-sante.fr/jcms/p_3893223/fr/romvimza-vimseltinib-tumeur-synoviale-a-cellules-geantes#analyseEco,Primo-inscription,ROMVIMZA,6/2/2026,Primo-inscription,6/2/2026,2,6f736639bb7388454030c38db56d01c451a19084ac9e5b2906d9b2d88b4c8020
